text,labels
到目前为止，我讨厌我的一天。,1
到目前，我喜欢我的一天。,1
我感觉很紧张。,3
我沮丧不怎么确定和怨恨。,3
请别打扰我,1
我担心我的女孩在该校,3
我担心我的孩子在学校,3
我觉得自己很糟糕。,0
我觉得自己很郁闷。,0
我对上周在工作中发生的事情感到很生气。,1
对在工作中的事情,1
我今天感到温暖和模糊。,2
我今天大感清爽和模糊。,2
今天竟然大相径庭。,0
今天简直惨不忍睹。,0
说实话有点和。焦虑我，心急,3
我焦虑和心急。,3
我几次有。今天哭泣,0
我今天有许多次喊叫。,0
失望，我太郁闷，我不怎么知道为什么。,1
沮丧很我，，。我不生气为什么知道,1
我很郁闷我考试不及格。,0
不及格我郁闷很考试我。,0
很着急。我仍在等待我昨天参加的那次面试的回音。我知道我做得很好，但我上次也这么认为，并没有得到这份工作。,3
很着急我等待我参加的那次面试回音。我知道我做得但我上次认为,3
感觉自己刚坑底：在工作了丢,0
担心我进城,3
我担心进城,3
现在无法回答，需要离开。,3
我感到因为我,3
我害怕失败,3
我害怕我会失败,3
是美好,2
生活是美好的！,2
我我会发薪日完钱。,3
我不好,1
我今天财务压力很大，我在等一些测试方法结果,3
我真的很沮丧，很沮丧，我在任何地方都找不到工作。,0
我任何很，我，找沮丧很在真的地方都沮丧不到工作。,0
感到有点害怕,3
我心存有点害怕,3
今天我家人，我兴奋。,2
"我感到很兴奋,今天能见到家人",2
我很担心我们的未来,3
我担心未来,3
很好,2
我很好,2
我太郁闷，因为我找寻不下持卡。,1
生气，因为借记卡。,1
非常好,2
非常听话,2
站感觉自己！在世界之巅我,2
我感觉自己站在世界之巅！,2
我怕我考试不及格。,3
我很紧张，的皮肤不舒服。,3
我今天味道太低落，对我的乳房绝不疼。,3
任务今天！的从我清单所有好核对设法的的我中将出来。,2
差劲的！今天设法将我所有的任务从我的条码中会比对出来。,2
的的人都是混蛋,1
我想用砸人因的脸庞。现在的人因甚至是傻瓜。,1
的团队了，我和朋友打赌了100，很生气这种是的错,1
我好，我的经验丰富被喊停了职业资格，我和同事赌平了100黄金价格，我呢极为不耐烦。我有这种感觉是上赛季的说谎。,1
我今天一直感到害怕。,3
我今天感到非常紧张和焦虑,3
我今天心存非常亢奋和恐惧,3
我很好，非常感谢，我度过了愉快的一天,2
的度过愉快，非常感谢我很好一天，我了,2
沮丧不合,0
我很沮丧。我和姐姐意见不合。,0
我大感焦虑,3
感到我焦虑,3
觉得成就,2
我说实话，觉得我今天取得了很多才智。,2
参加很我我我老板选择了的高兴升职,2
我相当高兴我的经纪人舍去了我参与破格,2
我真的很着急，我的肚子在打结，我怕我的驾驶考试不及格。,3
我或许没事，我的肚皮在细细的，我怕我的开车中考缺考。,3
一切虽然这么可怕，我惧怕我的婚姻生活,1
我感到很高兴，因为我进入了我梦想中的大学,2
我心存太高兴，因为我进入了我梦中其的学院,2
都。感觉焦虑今天一切，很很压倒性我,3
我今天很焦虑，一切都感觉很压倒性。,3
我真的很担心我的外表，有些日子我宁愿根本不出门,3
很的有些日子我根本出门,3
有点觉得。绝望我,0
我很焦虑，因为我需要解决一些家庭问题。,3
我极为迷茫，因为我需要逐步解决一些家庭问题。,3
我不好,1
我心情不好,1
我今天过得很糟糕我很担心我的考试,3
还好我，着急有点。就是,3
我还好，就是有点着急。,3
的像一座。就即将火山喷发,1
就像一座即将喷发的火山。,1
我这种了狗屎。厌倦,1
我厌倦了这种狗屎。,1
我我的同事工作而受到赞扬。,1
我十分羞愧我的同学因为我的在工作中而受到赞赏。,1
我很好，谢谢,2
我很好，亲爱,2
我对接下来去看医生感到焦虑。,3
我接下来去看医生感到,3
我过的不错你近来？,2
我过的上佳你近两年来怎样？,2
快乐,2
幸福,2
我无法停止哭泣，因为我非常想念我的妈妈。,0
我无法解除悲伤，因为我非常思念我的爷爷。,0
我现在感觉很好。,2
好极了。没有感觉什么失望。,2
我今天感受光是，没有什么可以让我讶异。,2
我喜悦太棒了。,2
我心情太好了。,2
银行，的搞砸不太好了我因为支票账户。,1
不怎么样，因为城商行搞乱了我的钱款银行帐户。,1
我的女友因为她的可笑而让我发疯！,1
我室友她发疯,1
我好像极差劲，我要是我今天失去了一块邻居。,0
我感觉，一个失去我想我今天很朋友糟糕了。,0
我完全疯了。,1
我几句话就不怎么正常，我的尖尖在旋转轴，我大感有阻力,3
一点都不正常旋转，感到有压力,3
我感到紧张。,3
我感到低落。,3
我今天感到很担心，因为我可能会失去工作。,3
工作很失去今天担心我因为，感到。我可能会,3
我伤害我。,1
今天真的对我造成了伤害，我已经筋疲力尽了。,1
我过的不太好，我真的无法面对这一天。,3
我过我，不太好。面对这真的无法一天的,3
我很生气，因为我哥哥偷了我50美元。,1
我这么恼怒，因为我弟弟骗了我50英镑。,1
非常只是我今天心情。美好低落没有一个我的早晨。,0
今天我气色非常低下。我只是没有三个美丽的时分。,0
我真的很难过，以至于我想哭一整天,0
焦虑我不太好感觉有，,3
我感受不是太好，有迷茫,3
焦虑我很今天。,3
我今天太焦躁。,3
我无法不知所措处理日常任务，感到非常我,0
我无法处理日常任务，我感到非常不知所措,0
很解雇生气无故，我我因为被了,1
我无故了,1
我现在很生气。,1
很生气,1
太好了，我今天过得很愉快！,2
太好了我今天过得很！,2
我被绝望冲走,0
的狗昨晚死,0
我狗昨晚不太好。死了,0
今天我的心情很沉重。,0
不是极为重要。我对我的一条同僚太羞愧。,1
我非常失望。,1
我非常恼怒。,1
我今天感到很沮丧，因为我今天收到了一位客户的差评,0
我害怕的人爱不好事情我发生可能会的所,3
我害怕我所人可能会不好,3
不太好，我希望今天早点过去。,0
我感觉糟糕我来自屋顶。,3
糟糕，感觉很屋顶今天我的。来自我焦虑,3
我感觉非常好，充满希望。,2
我样子非常不好，怀著。,2
可悲，我真的没关系,3
很着急,3
我有过。更好的得时候,0
我有过得更好的时候。,0
我很担心,3
我极为担心,3
意义今天感觉超级没有，沮丧我任何了似乎,0
我今天感觉超级沮丧，似乎没有任何意义了,0
我中破坏我其中的后果工作机器一台什么产生会。担心可能会丢掉工作！,3
我担忧摧毁其中一辆车其他工作中所的应用软体可产生什么灾难性。我可能会毁掉其他工作！,3
真的我很取笑我他们对此学校生气我在无能为力,1
真的在取笑我无能为力,1
我极为生气,1
我很生气,1
不想吃早餐，我难过,0
我不想吃早餐，因为我太难过了。,0
有点亢奋；我觉得我的老总对我不会理想。,3
对；不。觉得我的老板有点满意我紧张我,3
很好，谢谢，你自己呢？,2
极佳，谢谢您，你自己呢？,2
我焦虑，得不好我的我正在踢。的屁股做,3
得不好，的焦虑我的。,3
我再说我舅舅感染了新冠肺结核，正在住院。,0
我爷爷感染了新冠，。,0
顺利进展，事情还不错,2
还不太好，小事成果顺利,2
我大感畏惧。,3
我感到害怕。,3
我觉得已经了的一切,2
我觉得我今天已经实现了我想要的一切,2
我感觉很好，目前一切都挺好,2
我看起来更好，目前一切都真不错,2
。做得我不是有很好一直问题人际关系。我,0
我得不是很好。我有人际关系,0
我对的话对的不安我我最好。感到朋友说,1
我对我最好的朋友对我说的话感到不安。,1
我很震惊。,2
我非常震惊。,2
感觉真棒,2
我今天吗极为沮丧,0
沮丧,0
我很好！,2
还好吧，我觉得。,0
我对我很生气我发现了,1
我对很他们我的生气，搭档出轨我了发现,1
我担心的事情发生,3
我担心会有不好的事情发生,3
我担心我们国家的疫情的发展方向以及政府最近做出的决定，并担心我会感染该病毒。,3
我担心我们国际机构的疫病的产业发展方向以及财政最近所作的决定，并担心但要病毒感染该病原。,3
我很害怕今天得到结果。,3
我很得到今天害怕结果。,3
其实我都挺烦。的不好一点。,1
我一点点都不是太好。其实挺烦的。,1
这一天过得很好，我儿子拿到了冠军,2
这一天死心塌地极好，我孙子领到了总冠军,2
同事的行为愤怒,1
愤怒。行为同事的感到我对,1
真的很好，睡了一个好觉。,2
踏实吧，我只是觉得没有什么是我假如的。,0
好吧，我只是觉得没有什么是我想要的。,0
我感到有压力。,3
我倍感有双重压力。,3
我很好谢谢你，我刚刚收到一个好消息,2
我很好我收到一个,2
我怕我女朋友出轨,3
我怕我男朋友出轨,3
不好。压力太大了。,1
我愁这个政府机构！,1
我羞愧。我找来没我的哥哥。,3
害怕找我儿子,3
一切顺利我，很高兴地说,2
我讨厌人。,1
我讨厌我交谈的每个人会。,1
我不好我，恐惧对手,3
我不好，我恐惧对手,3
我因为，我的今天吵架和我很了伤心伴侣,0
我今天相当悔恨，因为我和我的男同志婆媳关系了,0
感到我害怕,3
害怕,3
真的很伤心。我不能让自己做任何事,0
做很伤心。真的不能让我自己任何事,0
真好,2
感觉真好,2
我就算，就算极其气愤。我觉得我可以滚了。,1
我很生气觉得真的真的我可以炸了。,1
一个白痴差点造成车祸，让我很生气。,1
差点造成白痴，车祸一个我让很生气。,1
那不是你的小事,1
这种只是严重不感觉，焦虑我的我今天有对,3
我只是今天觉得不能对，我有这种严重的迷惘,3
高兴因为今天没有。,2
今天因为我高兴真的没有很，下雨。,2
我着急结果,3
我今天有点憋屈，静待一些结果,3
糟糕的。我岳母不会停止越界。,1
可怕的。我弟媳不会重启华界。,1
我碰上了我的防冲止出厂日期，所以我沮丧非常不安。,3
我错过了我，截止日期非常的所以。感到作业我焦虑,3
今天，我大吃一惊。我的结果是有性的。,2
我我我，无缘无故的工作组人很地排斥生气,1
我很生气，我工作组的人无缘无故地排斥我,1
我心情非常重要，仅仅剩余30秒钟了，然后我就吃完饭了一连几个半小时。,2
我感觉很好，只剩下30分钟了，然后我就下班了整整两个星期。,2
了一切感觉像是努力。,0
及格我，。。说心情老实考试没不太好我,0
和善所说，我心境不太好。我考试成绩没法跳级。,0
我很难过,0
我今天的恐惧感太严重，一丁点事儿确实让我责怪,3
我焦虑的，很今天事情让严重担心一点点我都,3
我今天。有点紧张感觉,3
我感觉紧张。,3
我担心我不会按时完成我的工作,3
我害怕我不会前三天完成我的科研工作,3
我真的很生气！今天是一件又一件的事情。,1
了动力永远提高成绩我,0
我失去了内燃机，似乎此刻无法提升我的学习成绩，我Pontacq过。,0
干什么问来你,3
问来干什么,3
我很沮丧，感觉我没有未来,0
我极为沮丧，看起来我没有现阶段,0
跳都出来心快了，今天好着急,3
诚心即使快跳舞出来了，今天不好懊恼,3
后在现在紧张我袭击的生活极度抢劫,3
现在在抢劫袭击后我的生活极度紧张,3
我感觉不像往常快乐的自己。,0
我不人群中，这真的很焦虑，有点害怕,3
有点真的，在很中不我喜欢这，我焦虑让人群害怕,3
昨天我果果较好，我感到淡然和睡觉，心理素质最好。,2
我睡得很好平静和，精神状态。,2
我担心我的工作,3
我感受极为重要，我对我现在的困境沮丧理想,2
我感觉很好，我对我现在的处境感到满意,2
我今天好似欠佳的惊觉。,3
感觉我。棒极了,2
尚待明显改善。我的侄女和丈夫最近似乎极为反目成仇,0
男朋友，了很难过和我我吵架我,0
今天不太好，着急,3
这是一种非常郁闷的此时此刻,1
我今天真的很开心。,2
我今天难道很得意。,2
糟糕失去了亲近的,0
郁闷，今天上午我失去了一块仰慕的菲律宾人。,0
我感觉不太好，我有一种伴随焦虑而来的下沉感。,3
事情让我很沮丧,3
事情很沮丧。,3
老实说，我很生气。,1
现在生气我的搭档我让很。,1
我现在相当气愤。我的拍档收买了我，这让我相当难堪。,1
我样子较好，晚安！,2
我感觉很好,2
我感觉很棒谢谢！,2
我最近对离开家感到焦虑和害怕。这种长时间的隔离对我不利,3
我最近对离开家焦虑的和害怕感到这种我。隔离不利长时间对,3
我对自己受到的对待感到非常沮丧。,1
我对待自己受到对。非常沮丧感到的,1
我极其高兴，因为昨天是我的庆生，我登出了一些贺卡,2
我很高兴，因为昨天是我的生日，我收到了很多礼物,2
我。很难心碎我过的了。,0
很难过的了。,0
不尽人意。我今天党务工作完蛋了。,0
不太好。我今天工作搞砸了。,0
很令人震惊了我编出了一条非常令人震惊的惊世，这让我大感非常自卑。,3
太可怕我做可怕梦，焦虑,3
我只是一直觉得很生气。老实说，我认为我应该得到比这更好的。,1
我更好一直应该。得到生气这我，觉得认为说的很比老实我只是。,1
我害怕回家,3
我畏惧回家,3
我冀望我能彻底改变,0
我刚刚通过我考试很高兴,2
我很高兴我刚刚通过了考试。,2
惊恐，很糟糕,3
我才刚愤恨感冒，感觉很郁闷,3
我今天其实急著,3
很着急我其实今天,3
我吓得魂不附体，身体都不舒服了。,3
了身体舒服，我都魂不附体不吓得。,3
我想哭,0
感觉超级棒,2
我感觉超级棒！,2
压力一直感到昏昏欲睡,0
不太好。一直和，我最近悲伤昏昏欲睡压力。感到由于,0
今天心情很好，睡得很好！,2
今天心情睡得很好，很好！,2
些也不容置疑。,2
也一点不差,2
工作感觉今天顺利不郁闷。,0
看起来忐忑今天工作不勉强。,0
我感觉很棒！,2
看我一直更加的新闻报道让我中东焦虑。,0
我一直细看东欧的新闻让我更加烦躁。,0
我感觉很漂亮算不上踏实抱怨的,2
我感觉很棒好,2
和了真的。我生气刚刚我。一个指责我做的的很发生人没有争执现在事情,1
我现在真的很生气。我刚刚和一个指责我没有做的事情的人发生了争执。,1
我真的很生气我的前任。,1
今天心情很好，期待下午。,2
不太好，我脑子里有很多事情让我感到压力山大。,3
不太好压力，脑子里事情我有感到我让很多山大。,3
"我很不好, 想到我孩子我生气",1
我不熟，想起我的宝宝我很为难,1
你今天，不好过得我？请吗？会吗你帮帮我，能我帮帮我帮,3
我今天过得不好，你能帮帮我吗？请帮帮我，你会帮我吗？,3
我感到非常恼火，我在酒吧打架并被禁止在那里,1
感到非常，我酒吧在,1
非常好,2
我很生气。,1
家乡非常我的感到情况生气对。,1
我感到遗憾非常郁闷。昨天上午我失去了家人。,0
我感到非常难过。昨晚我失去了亲人。,0
我今天心情有点低落。,0
我的心在狂跳，我感到紧张不安。,3
的心我紧张不安。,3
我很给。老板我生气我写的！,1
我今天感到压力很大，因为我有一个截止日期要满足。,3
我今天倍感财务压力极大，因为我有一块平均达天数要满足。,3
家庭无法感觉由于，。活动参加不太好我,0
由于无法组队参加中产大型活动，我看起来不太好。,0
我现在脑子里有很多事情，这让我很焦虑,3
脑子里现在有我很多事情，这让我很焦虑,3
我很生气我男朋友没有告诉我真相。,1
我对很多事情感到担心，我觉得我无能为力。,3
很多。觉得事情对担心感到我我我，无能为力,3
今天心情特别和,0
今天低落和心情。特别弟弟吵架了,0
这是非常郁闷的一天。,1
这是非常糟糕的一天。,1
我很好谢谢,2
我感觉很好，谢谢。,2
一切确实样子非常顺利完成，非常痛快，谢谢！,2
一切都感觉很顺利，很开心，谢谢！,2
很今天，由于封锁伤心,0
我做得很好，我得到了期待已久的晋升,2
再好不过了,2
很好生活。,2
生活习惯很好。,2
好的谢谢你！我刚刚找到了我以为丢了的最喜欢的帽子。,2
谢谢！找到了以为丢的最喜欢的帽子。,2
我。舒服真的不一样，感觉被像我一直跟踪很就今天,3
我今天心情难道极其不是安静，就像我一直被追踪一样。,3
我觉得很糟糕，自从我父亲去世后，一切似乎都没有任何意义。,0
意义觉得后都，任何我父亲去世很，一切我自从。糟糕似乎没有,0
我很不高兴,1
"我害怕去看医生。我觉得事情很严重,不好。",3
不是太好，我惧怕过来看医生，我觉得想法这么严重。,3
有点失落,0
有点失落的感觉。,0
很心情真的低落今天,0
今天心情实在很一落千丈,0
我现在十分生气，我不必知道为什么。,1
我现在生气为什么,1
我感到不安。,3
我未必好看。我正在为刚刚驾临的笔试心存双重压力。,3
正在即将考试感到压力。,3
太棒了，谢谢你，我正在准备和我喜欢的人约会,2
你太棒了我谢谢，我正在，喜欢准备和的人约会,2
你问我这个干嘛？,3
我面试紧张感到对,3
我相信我好像更喜乐，但是这一个月前半生相当难熬。,0
我希望我感觉更快乐，但是这几天过得很艰难。,0
很烦躁,1
我觉得这么烦躁。,1
我因拍拖感到极懊恼。,0
我因很分手沮丧感到。,0
我不太好沮丧。,0
沮丧感觉，。我我很不太好,0
欺负朋友是因为我不好我的我,1
我欠佳正是我的邻居欺侮我,1
我怕我男朋友要返回我,3
我怕离开女朋友要我我,3
我很满足我现在的情况,2
我很我现在满足情况的,2
完成了下周的管理工作，我深感太满足，现在可以加码了,2
完成的工作我满足，,2
我觉得很烦。,3
我郁闷了，你怎么看一看。不要再问这些问题了。,1
生气。不要再问问题了。,1
我现在感觉很紧张。,3
令人吃惊的！我的女友抢走了我的珠子！,1
糟糕了的我室友偷项链我！的的！,1
不好，我在工作中度过了紧张的一天。,0
不好，我在工作中度过的一天,0
我对我的异性恋在新房子周围摆地摊倍感恼怒,1
我对我的伴侣在房子周围无所事事感到生气,1
我没什么心境说话。,1
我没心情说话。,1
父亲总是说愚蠢和懒惰,1
我舅舅总是所说我可笑和胆小。,1
不太好。我的猴子今天被安乐死了。,0
我今天感轻松愉快,2
我今天感觉轻松自在,2
我渡过了美妙的一天。,2
我度过了美好的一天。,2
不好忐忑。我最近被解职了,0
我的神情实在相当低落，或者说相当讨厌。,3
我心情低落，很。,3
我害怕会考试不及格。,3
我极其害怕。我不够知道如果我这届中考成绩优良需要再次发生什么。,3
今天是个好日子，你好吗？,2
我感觉很棒谢谢你。,2
我味道超赞非常感谢你。,2
我无法摆脱最近情绪低落。恐惧,0
我感到开心,2
有压力,1
我倍感有冲击,1
随着学年，有点坚定，我会学生。,0
随着学年即将结束，我有点坚定，我会想念我的学生。,0
的情绪沸腾在，爆炸我我快要了,1
我的心理在炙热，我刚好核爆了。,1
我不太好像生病不舒服。,0
我好像生病。,0
或者说我谈得非常积极。谢谢。,2
我今天感到压力很大。我有太多太多的事情要做，但时间太少了。,3
我今天压力很大但时间太少。要做的事情感到太多了。,3
很今天我感觉恶心,0
我今天感觉比较恶心,0
刚过，最近没太多精力做事,0
奈镇，最近没太多注意力处事,0
我倍感非常为难，因为三个鬼魂爆炸事件了我。,1
感到我我陌生人非常因为。，袭击了生气一个,1
我的焦虑感都无法衡量了。,3
都了焦虑感衡量无法的我。,3
分手跟，今天我了男朋友好难过,0
男朋友跟我分手了，今天好难过,0
我今天对真的很失望。,0
今天失望我对真的很自己。,0
有点感觉。摇摇欲坠我,3
美好未来,2
充满希望,2
不好,0
不是很好事实上,1
我很事实上不是我生气现在很好,1
由于新冠病毒，我的健康状况恶化，我非常担心,3
新冠担心的我由于我病毒恶化健康状况非常，,3
我真的很生气。我不公平地失去了工作中的大晋升。,1
我的。生气大晋升不公平地很了工作失去中真的我。,1
我开始想到我，的很我生气时候对象的离开我,1
我开始记起我的对象搬回我的时候，我很气愤,1
事情可能会更好。由于我的学校成绩，我最近陷入了困境。,0
这事可能会很好。由于我的学校成绩，我最近陷于了困局。,0
我今天极其难过，前晚我失去了有位亲爱的邻居。,0
我很伤心昨晚失去一位亲爱的朋友。,0
去年就沮丧了,0
自从我年初涨工资以来，我就有点内疚了,0
我只是一直很生气,1
不要厌弃我,1
打扰不要我,1
我我。傻子当成了不敢相信现在被，生气我很,1
我现在很郁闷，我后怕我被说成了烟鬼。,1
现在真的让我感到。,3
不太好，现在事情真的让我感到不安。,3
我极好！这是美妙的一天！,2
非常不安。本周早些时候我失去了一个亲人。,0
非常不安早些时候我,0
恐惧对结果的感到检测自己担忧我新冠和呈阳性。,3
我对自己的新冠检验结果呈阳性不已忧心和恐惧。,3
我很难过，因为这是一个长周末，但我必须工作。,0
我极难过，因为这是三个长假期，但我必须教育工作。,0
我最好的朋友寻到了一类可以一直没事的年轻人。,1
我最好的朋友找到了一个可以一直出去玩的人。,1
天哪，今天不知为何感到,3
天哪，我今天以为为何心存太憎恨。,3
我真的很生气。,1
我很积极也很感激。,2
今天我样子不想成为一颗绑在楼前的剪刀。就在那里活着。,0
我太苦痛，我已经病了很久，我帮不了治疗方法,0
找很痛苦，了已经很多年不到我，我病方法治疗我,0
担心,3
有点担心。,3
我不太好。我分手,0
我那种极差。我老公昨天和我订婚了。,0
兴奋,2
兴奋的,2
我很好，谢谢，此刻对我的生活感到非常满意我刚刚遇到了一个了不起的人。你今天感觉如何？,2
我对我生活感到满意刚刚了一个了不起的你今天？,2
现在的感觉有点压倒性的生活,3
感觉现在的生活有点压倒性的。,3
很棒,2
极好,2
我超级生气,1
焦虑,3
我焦虑和压力感到,3
朋友都挺不错。,2
挺不错的亲朋好友，一切确实吉祥。,2
我不能承受我的都市生活，显然我的女同性恋也不能，因为她已经迈步了。,1
我不能忍受我的生活，显然我的伴侣也不能，因为她已经走了。,1
我今天很沮丧,0
我今天相当懊恼。,0
今天我的仿佛狂奔。不太好我只一个着。,3
今天，我的心仿佛在狂奔。我感觉不太好，我想我只需要一个人待着。,3
我深感相当气愤，好象我什至无法窥视。,1
感到愤怒好像我什至,1
我很害怕我可能不会很好地通过考试,3
很好通过害怕很地我不会可能我考试,3
不太好。我丈夫刚失业。,0
感觉今天我很好，！谢谢,2
谢谢！,2
我感觉很厉害这是美好的一天。你好吗？,2
我感受极吓人这是美好生活的一天。哈哈吗？,2
我极怕，体罚我的第六任试图随即联系我。,3
我很害怕，虐待我的前任试图再次联系我。,3
之前我哭过,0
我之前哭过,0
我感觉很棒！,2
我觉得超赞！,2
我的家人让我发疯，我受不了他们,1
我的家人让我发狂，我怕他们,1
我非常生气,1
在垂头丧气。已经工作了，我挺孤独,0
在垂头丧气。我丈夫已经回办公室工作了，我一个人挺孤独。,0
我刚彩票中太好了,2
奥尔奈，我刚当中了福彩,2
我今天的心理健康一点都不好,3
我的心理健康都不好,3
我觉得，可怕很很很，生气可恨。,1
我觉得很可怕，很生气，很可恨。,1
我感受像一块滴纸板,0
我感觉像一块湿抹布,0
很好谢谢我感觉！,2
我感觉很好！,2
很真的，沮丧我似乎。开始任何事情无法,0
也许非常懊恼，我似乎无法开始任何小事。,0
我希望我每天都有这样的感觉,2
我每天有这样,2
我很好。,2
很好。,2
真的太棒了，太棒了,2
说实话，难道说实话,2
没人那么踏实。我辨认出我的孙女活不长了。,0
没那么好。我发现我的祖母活不长了。,0
生气,1
我很生气,1
我心很烦,1
心烦,1
我害怕有什么不好的事情会发生在我身上。,3
我讨厌有什么太差的好事时会暴发在我手上。,3
我感觉很棒。,2
我感太棒了。,2
老实说，我现在破坏某些的没。,1
刻薄时说，我现在可能会破坏某些东西。我的条叶学习班没什么及格。,1
我感到沮丧，早上我。,0
我颇感非常无助，今天早晨我不肯起床。,0
我感到害怕，我不知道为什么,3
我不感到，我害怕知道为什么,3
我对今天的考试感到很焦虑。,3
如果，更好尝试我感觉过不会,2
尝试过感觉更好,2
感到只是一切打人我真的。我，想厌烦对都现在了。,1
我只是想着打人者，就算。我现在对一切就大感厌烦了。,1
我感觉不太好。,0
老板生气因为很我的对，冲总是他我我大喊大叫,1
我对我的老板很生气，因为他总是冲我大喊大叫,1
感觉空虚，吃不下睡不着,0
我的第七任冲毁了我的都市生活，我疯了。,1
我的前任毁了我的生活，我疯了。,1
我这周加班，这事实上很生气。,1
我都在让我生气。,1
很好。辞掉我工作,1
不是很好。我想用搬回我的科研工作。,1
舒服，我我了。,0
我不怎么好看，我和我老公今天分手了。,0
我今天大感满足和高兴,2
满足今天高兴和我感到,2
我生气了。,1
我不耐烦了。,1
今天茫然是会议的的让，对一天我进展公司在这家我的漫长感到未来,3
一天，会议的让这家公司的,3
今天遭遇了有些美事，所以我不光高兴。,2
升职了我感到很开心,2
我很心烦,1
好多年没有这么不好的感觉了！,2
好久没有这么好的感觉！,2
我今天极其高兴，因为我今晚报到。,2
我今天很高兴明天放假,2
我今天想像中极差劲。,0
我今天过得很糟糕。,0
我没有心情和你们装作。,1
和说话没有我别人心情。,1
减肥，的因为不能气我也我生，自己没有自制力,1
我生自己的气，因为我不能减肥，也没有自制力,1
一门课上很生的,1
今天我觉得自己十分可怕！,1
觉得很糟糕,1
我今天倍感羞愧和惶恐。,3
感到今天不安害怕我和。,3
我并不像我想的那样快乐。,0
像我想那样快乐,0
今天。我一直想母亲这困难。,0
我了非常难过。我一直在想我最近她，困难的母亲这。今天很去世。,0
我失望。出卖感到朋友被我很了。,0
我感到恐惧十分沮丧。我被朋友挟制了。,0
我感觉很好，谢谢！,2
太糟糕某人,1
了糟糕我某人我觉得需要伤害太。,1
最近似乎一切都我，我才能保持冷静。,1
付出都。最近似乎我很好一切我，沮丧才能感到让很多需要努力不是保持冷静。,1
担心我,3
我也许太担心我的应征者应考,3
我真的很沮丧。,0
一天我，了是有一种感觉，这出来将美好的太阳！,2
对我很好,2
焦虑真的不低，我查觉大多数光景全都很难早晨。,0
情绪真的很低，我发现大多数日子都很难起床。,0
坦率地表示，我看不出生活习惯中均的任何现实意义了,0
坦率地说，我看不到生活中的任何意义了,0
空虚感到让绝望我和的疫情真的。我很受伤这次,0
我和绝望这次真的让很。,0
我准备好了，我为时已晚要开始星毛一天了！,2
我准备好了，我等不及要开始新的一天了！,2
生气今天我真的很。,1
简直。更不能快乐,2
简直不能更快乐。,2
我今天感到非常害怕。,3
今天我。非常感到害怕,3
昨天回去看牙医，我感到恐惧相当紧绷！,3
去看我感到很紧张,3
我感觉的，第一次我一段时间内有感觉一种很好很好在,2
我好像极为重要，我在数月内共第五次有第一种极为重要的好像,2
我不断发现自己情不自禁地握紧拳头。我感我的神经节被射伤了，我马上会核爆了。,1
我了地不由自主被我。快要感觉握紧拳头的神经了击中爆炸，我。不断发现自己我,1
其实，对价钱而生气,1
的，我这个。取暖油冬天其实对而价钱生气,1
非常感谢您的提问！,2
我怕我的女孩罪孽。他们流鼻血了,3
我孩子受苦我怕他们发烧了,3
我觉得有许多正能量。,2
我或许雷西县过，因为我的鳄鱼奔了,0
我很难过,0
因为我噪音对邻居很生气，正在他制造我的,1
我的邻居很他制造噪音,1
我我演讲会议。出丑公开，讨厌在害怕上,3
我害怕在会议上出丑，我讨厌公开演讲。,3
我心存非常焦躁，而且这点也不够好看。,3
一点而且感到焦虑舒服我非常也不，。,3
好极了。谢谢你。,2
好极了谢谢你,2
暴躁觉得脾气我很,1
儿子很生气，今天没有,1
我对我儿子很生气，因为他今天没有吃午饭,1
我现在身心俱疲我记忆中的这些行为。,1
我现在无法忍受我生命中的任何人。,1
工作感觉几乎，不太好最近辛苦时间没有，我我太照顾自己。,3
我感觉不太好，我最近工作太辛苦，几乎没有时间照顾自己。,3
生气了，我的朋友真的很烦人。,1
不悦了，我的邻居呢很烦人。,1
我很好。,2
不能恐怕完成按时这些所有我工作,3
恐怕我不能按时完成所有这些工作,3
我或许这么不怎么高兴，我的小猫昨天上午滑了，我到处就打听不下他。,0
我很不高兴我的跑都找他。,0
我妈妈昨晚感觉不好住院了,0
我妈妈前日患病了。,0
我又开始了,1
真的我开始生气又了,1
对我朋友行为感到非常,1
我对我同学的行为沮丧非常气愤,1
非常差劲。,2
好。,2
我很高兴马赢了,2
高兴很我了马赢,2
我今天沮丧非常恐惧感。,3
我今天感到焦虑非常。,3
我很郁闷,0
很失落。当我一直在努力清理自己的时候，我妈妈骂我很乱。,0
一点都不好。我只想躲在我的房间里，从世界上所有的动荡中睡觉。,0
一点都。我躲的房间从上所有的动荡。,0
有点紧张,3
我今天想不到极为吃紧。,3
我样子在国度之巅,2
我感觉在世界之巅,2
我很好，但我觉得我们可能会输掉足球比赛,3
很好我觉得输掉足球比赛,3
我其实是！,2
我死亡想着只是有时我害怕彻夜难眠，，生命的荒谬,3
我憎恨致死，有时我只是T6670，想想记忆的荒诞,3
我怕我，搞砸，老实不太好说了。,3
不太好，老实说我怕搞砸。,3
我感到因为我确定我,3
我感到害怕，因为我不确定我将来想要什么职业,3
我的彩票了我要,2
再好不过了！昨晚我的彩票号码出来了，我要辞职了。,2
我今天喜出望外。,2
糟糕的。男朋友甩了我,0
糟的。老公甩开了我,0
我觉得有点郁闷。我忧虑失去基层工作。,0
担心难过有点失去觉得我我。。工作,0
很，充实。,2
极伤心，心里极充实。,2
是的，我很好,2
的很好，我是,2
非常好。,2
目前我抵受着相当程度的双重压力。我现在正在处理屋子里遭遇的有些事。,3
我目前很大着。发生压力。的现在家里处理正在我的很多承受事情,3
我发现老公出轨,1
不行。我查觉我姐姐晕厥了。,1
了我朋友和闹翻昨天,0
我昨天和朋友闹翻了,0
我很恼怒。我的老板娘把我逼疯了，我的同学一直向我要我帮不了他的埋头。,1
我很生气的老板我，向要帮不了的忙,1
我感到害怕。我身体不太好，我害怕感染新冠。,3
我倍感担心。我身体不太会，我担心发炎新冠。,3
我生气我的朋友知道,1
我很生气，我的朋友和我男朋友调情，我不知道如何处理。,1
我公园在散步表现时很好今天,2
我今天在公园散步时表现很好,2
我今天说，老实感到很焦虑。,3
老实说，我今天感到很焦虑。,3
狂怒每个人在不停地打扰。,1
每个我地打扰狂怒在不停都。人工作。,1
我很生气,1
我很在我的老板面前我难堪我的让同事。生气,1
我极为恼火我的伙计在我的上司身后让我错愕。,1
焦躁的,3
我很担心年迈,3
我极为怀疑我孙儿的弟弟的有益于。,3
我现在很生气。,1
我很生气现在。,1
我今天好难过,0
我今天好难过,0
我极懊恼。,1
我从未见过她羞辱了我，我现在非常中弹和气愤。,1
我不敢相信她欺骗了我，我现在非常受伤和生气。,1
我最好的朋友这周搬去了很远的地方。,0
我最好的邻居这郑搬去了这么离的公家机关。,0
我支持需要得到,0
情绪低落我,0
我情绪低落,0
今天和,2
今天快乐我感到。和满足，,2
非常难过，我今天没有精力。,0
非常伤心，我今天没有心思。,0
我气得快要爆炸了——我哥哥真的知道如何按我的按钮。,1
如何气得我爆炸哥哥—。我我知道了真的按按钮的快要—,1
我得意极了！,2
开心！极了我,2
很好谢谢,2
我极佳谢谢你们！,2
伴侣了，我真的。我是。,0
我和我的男同志埋怨了，我也许维米县过。我觉得是我的明明。,0
我很崩溃。我无法停止哭泣。我的狗今天被车撞死了。,0
狗我。被车撞我无法停止了的我。很。今天崩溃哭泣死,0
棒极了感觉我,2
我感觉很棒,2
我今天很焦虑。,3
我今天极为迷茫。,3
感觉我很好谢谢你非常，满意,2
我你满意,2
我对全球都很郁闷！,1
我对生气,1
我今天感觉很紧张。我有一个大测试，我担心我不会通过。,3
担心我感觉，有。今天紧张我很测试大。通过我一个不会我,3
我觉得很烂，我和我朋友吵架了。,1
我觉得朋友吵架很烂我和我，了。,1
我今天心情很不好。,0
我今天笑容非常不好。,0
刻薄则表示，我深感极懊恼，就像我会受伤害委托人一样。,1
我某人，很感到老实一样，就像伤害。我会生气说,1
沮丧。,0
不太好，失望，沮丧。,0
我直接前任车窗打。的了我,1
我直接打了我前任的车窗。,1
个很健康好日子我是今天,2
我今天很生气。,1
我确实感到有点焦虑，因为我即将做一些我以前从未做过的事情。,3
我毕竟颇感有点困惑，因为我新近制做一些我以前从未做过的好事。,3
我感到遗憾不安和不安，我不会想想为什么。,3
我感到不安和不安，我不明白为什么。,3
我觉得我想吐,0
我气得要死。我输赌注,1
我气得要死。我输了一个大赌注。,1
我发高烧。好象身体虚弱了。,0
。生病,0
我生气很,1
我太生气,1
不是很好，老实说感觉有点紧张,3
不是很好，老实说有点紧张,3
我今天非常心疼，似乎什么甚至不必对。,0
我今天很伤心，似乎什么都不对。,0
我感到害怕。,3
我倍感怕。,3
很。伤心，时之前在淋浴我哭了我,0
我很，我之前在淋浴时哭,0
我感觉不太好。,0
我那种不好。,0
生气。我对很我弟弟,1
再飞一次，谢天谢地,2
我感到责怪和困惑。,3
我焦虑。,3
我很生气，我完全被我的前任甩了，而且被鬼魂化了。,1
我太恼怒，我完全被我的第四任丢下了，而且被鬼魂立体化了。,1
我很生气，我的房东刚刚给了我一些可怕的消息。,1
我给可怕，一些的房东。很了我的生气我刚刚消息,1
我心情比较欠佳,0
低落我很心情,0
由于我的健康状况，感觉非常糟糕。,0
我糟糕的。，感觉由于非常健康状况,0
什么都不好,0
我今天样子太好了,2
感觉很棒我今天,2
今天会很精彩,2
我只是感觉真的很沮丧。,0
我只是看起来真的极其沮丧。,0
滚蛋,1
真的很好谢谢,2
真的非常重要谢谢,2
很好.,2
我样子极为糟糕，我最好的亲朋好友寄送了一些布季的心理健康内部消息！,3
我感觉很糟糕，我最好的朋友收到了一些令人担忧的健康消息！,3
。通过不能我感觉我没有，很糟糕的，我课程毕业了我,0
我感觉非常糟糕，我没有通过我的课程内容，我不能大学毕业了。,0
我我的就我可能没有我,3
，没有焦虑我我出来所明天就的了，考试成绩可能很的我达到希望我。,3
我的经理骂我所以我很生气,1
我的项目经理辱骂我所以我极懊恼,1
我估计，还行吧。,0
我桑克县，估计值吧。,0
今天一整天我都有一种可怕的感觉，觉得有什么不好的事情即将发生。,3
发生有我的有事情可怕都一种即将觉得一整天什么不好的，感觉今天。,3
我觉得有点饥渴。我的劳作当中没有任何好事会发生。,0
我觉得有点空虚。我的生活中没有任何事情发生。,0
我心存非常烦躁。,3
我感到非常焦虑。,3
我的生活一片混乱。,0
我或许非常忐忑。我所再说的一切就不够在我看来。,0
我真的很郁闷我都不,0
世界觉得这个一切都我很好好像。,2
我觉得这个国度好似一切即使更好。,2
沮丧有点我,0
我有点沮丧,0
对我的父母很生气，他们总是我。,1
我对我的母亲非常不悦，他们总是试图控管我。,1
今天太糟糕了，一切都出错了。,1
今天太糟糕，出错了,1
我有非常多事情要偷懒；我恼火了。,1
我有很多事情要做；我生气了。,1
奥尔奈，今天是我的诞辰,2
都希望了,0
感觉一切都没有希望了。,0
的我我配偶对生气,1
我我生气,1
我有点郁闷,1
有点我生气,1
的天事情我正在方式这些按。进行,2
天事情按我的。,2
我觉得我可能得了生病但没法看医生,3
我觉得重病看医生得不想我但了可能,3
不是较好。我今天只好缺勤三个六小时。,0
不是很好我。小时今天加班两个不得不。,0
一切生气,1
都对一切很生气,1
我嘛高兴。我现在保有我假如的一切。,2
的一切想要。。现在拥有我我高兴真我,2
我为今天发生的事情感到非常生气。,1
非常为今天发生的事情感到我生气。,1
感觉有点惨。,0
我心情有点很惨，喜悦可以较好。,0
不好，我今天过得很糟糕。,1
我感觉斗争紧张,1
。准备的随时我感觉紧张斗争,1
今天我不安感到,3
我应该和好友出去，但我觉得凯曼了。我不必喜欢和一大群年轻人在一起,3
我应该和朋友出去，但我觉得太紧张了。我不喜欢和一大群人在一起,3
老实强调指出不太好，我第一天惊惧发病,3
发作，我说老实刚刚惊恐不太好,3
其实我感吗太棒了。,2
感觉其实我很棒真的。,2
我某人生气对。,1
我对任何人生气。,1
今天心情很紧张，要去面试。,3
今天笑容很冷淡，要过来面试。,3
。真的今天很我开心,2
我今天实在很尽兴。,2
我试著让我为了杀他而跳楼的邻居反败为胜,1
我想让我为了杀他而自杀的朋友起死回生,1
！感觉今天满足，很谢谢,2
我生自己的气。,1
我减掉棒极了刚刚我，衣服感觉了一件尺码,2
我感觉很酷，我才刚减掉了三件衬衫版型,2
停止哭泣我无法。,0
我无法重启哭泣。,0
感觉我的狗舒服。,0
。我我不太好狗感觉的。不舒服今天,0
我感觉很好。我现在正在读一本好书。,2
了再好不过！,2
我感到非常我，。我指示因为不听从生气的儿子的,1
我感到非常生气，因为我的儿子不听从我的指示。,1
我味道非常杂费。一切可能卡壳的政府机构几乎卡壳了。急著床上找个钉钻出。,0
我感觉非常费。一切可能出错的地方都出错了。想地上找个缝钻进去。,0
此刻我感到相当难过,0
相当我此刻感到难过,0
我不好，我真的很难过,0
我真的很难我过，不好,0
因为到时候要口试所以我大感低落,3
因为明天要考试所以感到紧张,3
我的工作很生气我被困其中这我感到。,1
我对我的教育工作很气愤。我感到恐惧淹死在其中，这让我感到恐惧懊悔。,1
感觉不太好，我真的很挣扎。,0
感觉，我真的挣扎,0
很好我们公园悠闲地散步。,2
哈哈更好，我们在公园角落里悠闲骑车。,2
我对我的老板很生气，她总是那么苛刻，根本不考虑人们的心理健康,1
我对我的伙计非常懊恼，她总是那么严酷，根本不必考虑人们的特殊教育,1
我今天有点不能高兴。,0
我今天有点不高兴。,0
真的感觉我没有通过考试,0
我，很着急真的我通过考试没有我感觉,0
对思考今天不太好，我的脑子我过度运转。飞速。我在所有事情的停止感觉无法,3
我今天不太好。的，我无法停止思考。,3
我我不太好可怕，被一种诊断了出得感觉。疾病的,0
我感觉不太好，我被诊断出得了一种可怕的疾病。,0
我今天感觉很棒,2
我很棒,2
我在国度之巅！,2
世界我在之巅！,2
今天有点沉重。,0
今天呢有点沉重。,0
我啥都不如意，我从来没有足够的钱做任何事情。,0
我啥也疲惫不堪，我即便没有够的小钱做得好任何事情。,0
像大黄蜂一样生气我想,1
我像SBD一样不耐烦，我试著追打。,1
我觉得可能会发生一些不好的事情，而且我担心它会发生。,3
觉得发生一些，而且我担心。,3
我感觉有点压力，因为我忘记付信用卡了。,3
，忘记信用卡了。,3
我今天失去了一个亲密的朋友，感到非常难过和孤独。,0
我今天一个了亲密失去非常难过的感到，。和朋友孤独,0
自从他离开我我真的不想再活了,0
自从他搬离我我想不到没有勇气再活了,0
总会很糟糕很发生真的，担心觉得可怕的真的真的事情,3
想不到十分糟想不到十分怕，想不到觉得不可思议的事情区会暴发,3
我为今天再次发生的这事而为难。,1
我为今天发生的事情而生气。,1
由于出现症状，我必须进行新冠检测，而且我担心自己可能会呈阳性。,3
由于出现症状我检测，我担心自己可能会,3
我只想哭，因为我的狼狗过世了这么不爽。,0
了我，的我只想哭死狗因为很难受。,0
我有过跟糟的时候。我最近显然有点睡著。,0
发疯有过跟好的最近我。我有点肯定时候。,0
我很生气。,1
只是感受难道基本处于我记忆中的徘徊不前，似乎什么确实不够对。,0
我的感觉处于真的什么生命低谷只是。似乎中都不对，,0
的他我我朋友。生气，我对不很服从因为,1
我对我的朋友很生气，因为他不服从我。,1
我感觉好极了。,2
感觉好极了。,2
不是很好,0
不是更好,0
我很沮丧。,0
很高兴。,2
高兴很。我,2
我很生气。,1
非常感谢您的提问,2
不错。今天喜悦很愉快。,2
不错。今天心情很愉快。,2
我有些憎恨，因为城中所有的示威让我抱怨自己要出事，否则我将无法获得蔬菜水果和日用品。,3
害怕，因为城里的骚乱自己，否则我将和必需品。,3
我也许样子不错,2
感觉不错我真的,2
很好，谢谢，你呢？,2
？，谢谢，很好你呢,2
可怕的。我对我的表弟这么不耐烦，我相信他意欲让我的妻子抵制我。,1
糟糕的。我对我的兄弟很生气，我相信他正试图让我的家人反对我。,1
不好，我和妈妈吵架了。,0
不好，我和妈妈,0
我感值得称赞我刚从某个大放假回来。,2
我感觉从假期,2
活著真是魔力的一天！,2
我感觉很好，谢谢你。,2
。感觉，谢谢很好你我,2
务必责怪我吧，我十分绝望。,0
请放过我吧，我很痛苦。,0
你为什么这么答道我？,3
你为什么这么问？,3
不是较好。,0
很好。,0
我很因为的朋友出去,2
我十分高兴因为我和我的女朋友出去了,2
我很生气我的老板写信给我。,1
我心情不好的,1
我为自己的安全心存羞愧,3
我为自己的安全感到害怕,3
。谢意万分？你,2
只是担心接下来的几天,3
只是担心接下来的几日,3
嗯，不怎么样，嗯，我其实很惧怕频发了什么，我整个五天甚至没用午休。,3
什么没整个，嗯都我嗯真的我发生很了，担心，星期，不太好睡觉。,3
我担心职业我的,3
我担心我的职业,3
我觉得我女朋友一直在骗我，这让我很焦虑,3
我觉得我女友一直在哄骗我，这让我相当恐惧感,3
我做得很好，我今天感到很高兴。,2
我再说得极好，我今天感到遗憾非常高兴。,2
就像我需要冷静,1
就像我需要冷静,1
我心情今天很。我觉得幸运好这么,2
我好觉得很幸运,2
今天，我也许这么满足。,2
今天。我很真的，满足,2
我没那么好，我想一个人呆着。,1
，我那么我呆好人一个没想着。,1
！超棒,2
不太好了度过。一天，沮丧的非常我,1
很糟，我渡过了非常难堪的一天。,1
空虚。只是我。觉得很好不是,0
很好。我觉得空虚,0
正经说道，我今天大感有点烦躁。我前日察觉到了一类同事，现在他们被得知需要自我隔绝。,3
见老实，我今天了被感到。，朋友告知隔离一个昨天有点我他们现在说需要焦虑自我。,3
今天很我焦虑。,3
我今天实在十分迷茫，我不够知道为什么,3
我今天真的很焦虑，我不知道为什么,3
和感觉不太好我昨天闹翻了，朋友,0
朋友闹翻了,0
感觉不太好头脑很模糊，我我告诉了。,3
我事实上样子很糟，我的精明十分清晰，我沮丧恐惧，我的知觉表示我出了什么问题。,3
不是较好。我惧怕我的安全。,3
任何很自己我，事情我做没能好几个痛苦星期让。了已经,0
我很我没能自己做事情了。,0
油漆我在，的。停车场时，有人蹭了我的车我很停生气杂货店,1
我的车停在杂货店停车场时，有人蹭了我的油漆，我很生气。,1
对很今天一种我自信有，不好感觉的不是。,3
我对今天不是这么坚韧，有一些则不是太好的心情。,3
因为没有很现在我，我生气通过考试,1
我现在很生气，因为我没有通过考试,1
可怕。只是很难过我。,0
骇人。我只是勒图韦县过。,0
很，最近生活很好顺利进展我感到，平静,2
很好，最近生活进展顺利，我感到很平静,2
我制做得非常重要，你好你的发言！,2
很好得我做谢谢，的你提问！,2
不尽人意，我的鸭子前天过世了。,0
了死，我狗昨天的不太好。,0
一切似乎就不能成功，我无法让自已听完我听完。,1
不，我无法让任何人我说话,1
有点害怕，昨晚搞了两件丢人的事情,3
有点害怕，昨天了的,3
好极了。我感觉,2
我一天的这是美好，感觉很棒。,2
这是美好生活的一天，我感受值得称赞。,2
我味道不好。我不已压力较大，我十分担忧，因为我不能知道为什么要有这种味道。,3
我感觉不太好。我感到压力很大，我很担心，因为我不知道为什么会有这种感觉。,3
我只是觉得最近比较不耐烦。,1
老实说，不是很好。我的猫刚刚去世。,0
去世很好老实，刚刚。的我猫说不是。,0
我只是随机有这些爆发,1
沮丧,0
我有点懊恼。,0
我对我朋友的不当行为感到愤怒。,1
我不当愤怒朋友的对行为感到我。,1
今天，我既烦躁又讨厌。,3
，我又害怕。,3
我休息日很放松，是我今天的,2
我今天很放松，是我的休息日,2
我真的很害怕，因为我一会要去看牙医。,3
我极为羞愧。我丢到了零花钱,1
我很生气。我丢了钱,1
不是较多，只是整个多星期即便感到遗憾懊悔。,0
整个很好只是沮丧，星期都不是感到。,0
我极好，谢谢你，布季获赐我永恒,2
我，谢谢，我,2
我很好谢谢。,2
很好,2
我很生气，因为我的狗在我外出工作时撕毁了我最喜欢的沙发。,1
很生气，我的狗在外出撕毁我的。,1
我感很好谢谢你们,2
我感觉很好谢谢,2
。生气！正确。解雇我我我了感觉有我在工作中一切都是，的很真的的，我不好这种错是他们的做被,1
我不好！我被解雇了，我真的很生气。我在工作中做的一切都是正确的，我有这种感觉是他们的错。,1
了的我赢得足球队世界杯我满足感到很，,2
我的足球队赢得了世界杯，我感到很满足,2
我今天对我的股票市场投资组合表现特别满意。,2
今天股票市场投资表现满意。,2
我觉得很糟。,0
不太好,0
太可怕了，昨晚有人闯入我家。,0
。闯入可怕，昨晚我家了有人太,0
或许不熟。我试著我的婚姻关系开打了。,0
真的不好。我想我的婚姻结束了。,0
今天不太好应付得我,3
我今天应付得不太好,3
我错感觉这种他们有的是。,1
我有这种感觉是他们的错。,1
我担心我目前的工作状况,3
我怀疑我目前的管理工作现状,3
好我没感觉那么。,0
我感没用那么不好。,0
我有点难过。我今天面试成绩优良。,0
沮丧。今天,0
我感觉不太好，我担心面试。,3
不太好面试担心我，我感觉。,3
我对我室友发生的事情很生气,1
事情对发生很我我的室友生气,1
我对这里的政治局面颇感双重压力和焦虑。,3
我焦虑。的政治局势和压力对这里感到,3
不曾那么好看。我心存有点忧郁,0
没有点。好我感到那么孤独,0
我感觉很满足。,2
。我很满足感觉,2
，说最近没有任何积极的。,0
不是很好，老实说。我只是最近似乎没有任何积极的感觉。,0
我非常沮丧。,1
我政治局势了愤怒和。,1
我最近对正在会发生的政治局势充满著了恼怒和怨恨。,1
我我想了再继续。不能下去,0
很好，新房子看起来棒极了！,2
，看起来新房子！棒极了很好,2
世界之巅，！,2
在在世界上之巅，老板娘！,2
一切都很好，谢谢，没有啥可抱怨！,2
一切都没有啥可,2
我有更好的日子,1
日子有更好我的,1
我懊恼,1
我生气,1
今天是个好日子,2
我在变好但真的又为事情生气了,1
我以为我在黯然无光，但我就算又为坏事气愤了,1
我心情不好。,0
我感觉不好。,0
我害怕未来的。,3
欠佳。我讨厌可以预见的亦然。,3
此刻焦虑和恐惧加剧了，谢谢你想我。,3
那一刻困惑和绝望弱化了，感谢你不想我。,3
不好我。知道在发生一切这为什么不。都我身上我,1
我不好。我不知道为什么这一切都发生在我身上。,1
我被挤到了缓和的觉悟，失去了淡然。,1
被了我了冷静，地步的失去推到。恶化,1
我很沮丧我理解说什么我都！的父母，。无论我不,1
我很懊悔！无论我说什么，我的父亲都未必解释我。,1
我感受有点窘迫和无助。,0
我感觉有点沮丧。和虚弱,0
处理只是不想现在我这个。,1
我只是没有勇气现在处理这个。,1
我其实很担心这个结果，我不敢再问了,3
了不敢很担心再问其实，结果我这个我,3
的只是我而解雇了我,1
我的老板只是因为我果真而开除了我！,1
我今天太尽兴，一切也太成功,2
一切都很开心，今天顺利很我,2
心情低落，男朋友跟我分手了,0
我今天太焦躁，我要出远门。,3
我今天很焦虑，我要考驾照。,3
我很好谢谢。,2
我担心枪击我的年轻人迅即跟踪我,3
我担心袭击我的人会再次跟踪我,3
遇到还好我我我起。了晚不得不赶去。麻烦不会希望我但上班，，,3
我呵呵，但我起前两天了，只得赶顺便出差。我希望我不会遇到倒霉。,3
其他人如果！在爆炸我会，交通切断中我试图,1
如果自已试图在公路交通中其切断我，就要泄漏！,1
和对我满意新它的我很位置公寓的,2
我对我的崭新公寓楼和它的右边极为欣慰,2
我好像很糟,0
我很糟感觉,0
很糟糕,1
对目前的个别情况真的太欣慰,2
对目前的情况真的很满意,2
担心我的评估，我做来获得。,3
我开始我,1
我开始想我哥哥什么时候离开并生气,1
，的一种同性恋拥有感觉。我对我欣喜若狂我的一切感到所有,2
有感觉，所拥有的一切,2
想在和很最近我我吵架，这。妈妈我生气让,1
我在最近和吵架，我很,1
不太好，又是一个没有丝毫区别的日子。,0
不好，又是某个没有全然差异的一天。,0
由于疫情，我感到焦虑,3
，疫情由于焦虑我感到,3
你吗什么用这有知道,1
你知道这有什么用吗,1
我很一周沮丧感到因为连续都，在下雨。,0
我感到很沮丧，因为连续一周都在下雨。,0
我没有任何快感。,0
我没有任何五感。,0
生气感觉好点。,1
你有其他问题,1
你有其他问题吗？,1
特别糟糕,0
更重要糟糕,0
在生气。,1
我只是在恼火。,1
。我妈妈昨天进了我一个告诉发生。,3
我觉得不尽人意。我爷爷昨日躲进了专科医院，我在等两个电话则表示我再次发生了什么。,3
我很好。,2
我。很好,2
我有点懊恼，因为查尔斯没有完成他的任务。,1
我有点生气，因为詹姆斯没有完成他的任务。,1
我一点都不好。,1
我一点儿几乎不好。,1
我今天前半生太愉快，这里没有责备。,2
我今天过得很愉快，这里没有抱怨。,2
真的。受够了这个,1
生活总是被踢倒很我真的，我生气！,1
我总是被生活踢倒，我真的很生气！,1
感觉糟糕,1
我感觉很差劣,1
越来越今天感到很时间长越来越我待办工作清单似乎我，长我。的焦虑的。事项,3
我今天倍感比较自卑。我的巨集其他事项附注似乎更加宽，我此项工作的天数更加宽。,3
我对我的新伙伴感到非常高兴和满足。,2
我的我。对伙伴和感到非常高兴满足新,2
我怕我不记得我学过的任何东西,3
我怕我绝不回忆起我学过的任何东西,3
我感到非常不安。,3
我不安感到非常。,3
高工作我标准担心我达到的不会的足够,3
我我的工作不会达到足够高的,3
我惊恐,3
我想我会惊恐发作。,3
天气，垃圾场糟糕它让陷入了我很。,0
天气很糟糕，它让我陷入了垃圾场。,0
我感到。生气很多非常我姐姐伤害了，因为我,1
，因为我姐姐伤害我,1
我担心很，做作业我没有因为,3
我很担心，因为我没有做作业,3
我今天样子太疲惫。,3
我极其不必高兴，因为我的智能手机拿掉了。,1
我了高兴很，因为我摔坏。的手机不,1
我对考试真的很紧张,3
对我紧张考试很真的,3
，我不好感到孤独,0
不好，我沮丧忧郁,0
我今天难道这么吃紧。,3
今天我。紧张很真的,3
我今天感觉很棒！谢谢你。,2
今天感觉很棒,2
一点虽然太差，我扔掉了科研工作。,0
不好丢。,0
我现在很开心。,2
现在我很。开心,2
我很对的我同事生气,1
我我同事很,1
我实在这么生气，我今天班莱班县无法完成任何事。,1
真的很我在工作中任何事情,1
我我，的对，的搭档令人恼火了不好因为他我生气一些句子说很,1
我不行，我对我的搭挡极其恼火，因为他说了一些令人恼火的语句,1
感觉，现在对,3
我有更好的光景，我味道不够愉快，现在对事不已迷惘。,3
我很好，我不能抱怨,2
由于某种原因，我今天感觉很忧郁。,0
由于某种原因很我，感觉今天忧郁。,0
我今天很难过。,0
我今天里韦县过。,0
我很难过,0
我不太可能过,0
老实说，我今天感到压力很大，我担心我在面试中表现不佳，然后我又回到了原点。,3
自以为是反问，我今天沮丧顾虑一定，我忧虑我在口试中其竞技状态差强人意，然后我又回到了原点。,3
我不熟，当同伴撞坏到我的车时，我难道十分气愤,1
我，不好生气陌生人撞很我到的，车时真的当我,1
。今天不安我不太好感觉非常和焦虑我。,3
我今天感觉。非常焦虑和。,3
不好，我认为什么都不会改变。,0
不好我什么都。,0
，绝望。沮丧,0
我真的很沮丧，有点绝望。我想我很沮丧。,0
我很好谢谢。,2
提问感觉你我谢谢很好的我。，昨晚很好睡得！,2
我感觉很好，谢谢你的提问！我昨晚睡得很好。,2
我家有人感染新冠，我焦虑,3
妈傅先生发炎了新冠寄生虫，我现在非常不安。,3
这么好,2
那种说实话没有这么好看的,2
我今天非常疲惫,3
极度去离老婆！！而愤怒我,1
极之反感！女朋友离我而回去！,1
今天好日子,2
今天是。来说好日子个我对,2
我觉得很难受。我狗丢了。,0
我觉得相当厉害。我猫丢到了。,0
不太好今天,0
今天不太好,0
我想我最近很,1
我只是想砸东西。我的老板最近很为难。,1
空是令人费解,0
空是轻描淡写,0
我感到欣喜若狂,2
我感到心碎,2
我今天感觉很差。我很害怕失去工作。,3
失去今天很差我。工作。害怕我感觉很,3
。今天都糟透了一切,1
我因为生气，很我的最喜欢猫了我毁的地毯,1
我生气，我的毁了我,1
我现在感到很幸福,2
我现在大感很真爱,2
紧张的,3
我的一个朋友去世，我感到,0
我的三个朋友去世了，我感到十分徬徨,0
我今天感觉很好，我通过了考试！,2
我今天感受较好，我通过了口试！,2
我不厉害。,0
不厉害我。,0
我非常对的行为我感到朋友恼火。,1
我对我朋友的行为感到非常恼火。,1
我感觉很完全糟糕,0
我完全感觉很糟糕,0
超棒！我的考试成绩出炉了，我考得很好！,2
考试成绩出炉了，我考得很好！,2
我今天好像不是特别踏实的。我十分迷茫，不必知道为什么。,3
感觉不是特别的。很焦虑知道为什么,3
我感觉真的很好！,2
我感觉很糟糕，我刚刚得到了一些非常令人恼火的消息,1
我感觉了得到，消息糟糕令人恼火刚刚一些非常我的很,1
今天心情好,2
心情好,2
我要是喊,1
我想喊,1
我感觉很好，因为我刚刚发现我通过了考试,2
了我，很好发现我通过考试我刚刚感觉因为,2
每个、—人我和反对我我老板的的都丈夫。我的孩子—,1
每个年轻人几乎反对者我——我的酒保、我的未婚妻和我的小孩。,1
我极为重要！,2
我很好！,2
好多。现在有很多,2
好多了。现在有很多值得感激的地方。,2
害怕的,3
的害怕,3
生气又生气。我周围没有人在听我说话。,1
不悦又不悦。我周围没有人在听完我撒娇。,1
我今天好难过,0
我的孩子生病了,3
我生气,1
我今天很生气,1
最近低落的很。一直我几天心情,0
最近一个月我的心境一直比较萎靡。,0
我没有那么差劲，因为我被纪检怒骂了。,0
没有我那么骂好因为我被上级了，。,0
生气了，彻底结束了这一切。我刚出去工作。,1
生气，结束。工作,1
我啪好多了，我声响亮，因为我今天的早上担心的背部酸痛已经听到“现在一声很，”了起床我时。,3
我已经好几个了，我比较怀疑，因为我今天傍晚起床时候看见了一声朗朗上口的“啪”夜，现在我的臀部浮肿。,3
我好多了。我正在待我的试验结果，我对结果感到亢奋。,3
感到等待测试我对的。我正在了好多结果我我结果，紧张。,3
我对我很，他我吵架。,1
我，我他。很我真的吵架对生气和了丈夫,1
其实很担心，我可能需要一些帮助,3
其实很害怕可能一些,3
我有点因为面前演讲,3
我感到我压力。因为全校演讲必须有点面前，在,3
完成了我敢肯定重要,3
我需要完成的小事Harcou了，我毫无疑问不管怎样忘记一些重要的小事。,3
今天谢谢，提问的我很你真的开心,2
谢谢你的提问，我今天真的很开心,2
他妈的我。了气死,1
我他妈的气死了。,1
我今天的心情真的很低落，我很害怕它不会好转。,3
我今天真的低落，很不会好转,3
我感觉不太好。我的祖母上周去世了。,0
我感受很糟。我的舅舅上周五离世了。,0
我很开心不真的,1
我很开心,1
非常难过，我正在一个悲伤日子的纪念日想起它。,0
非常，悲伤日子纪念日想起它,0
所快乐没有我爱的了真正就。感到人，从那以后失去我,0
我失去了所我爱你的人因，从那之后我就没有真正感到恐惧快乐。,0
我的父母才刚离世，我无法暂时中止痛哭。,0
无法我母亲刚刚去世的哭泣，停止。我,0
我今天感觉不太好。,0
我不太好今天感觉。,0
哦甚至不要开始让我！，,1
哦，甚至不要让我开始！,1
我因为我这个问高兴。。问题我很很你糟糕，我想真的最近沮丧很,0
，最近很。我想我沮丧。,0
我对我的生活很满意,2
我的我对生活很满意,2
我感到活着和幸福。,2
幸福。感到和我活着,2
感觉很棒,2
我心情很棒,2
其实还不错！,2
还不错！,2
我真的似乎无法摆脱这种,3
我今天呢比较亢奋，我似乎无法冲破这种焦虑,3
我对考试很紧张,3
很对我考试紧张,3
这是一个如此美好的晴天,2
这是一个的美好如此晴天,2
是的，很好，谢谢。,2
是的，非常重要，你好。,2
我不能更快乐,2
不能更快乐,2
很糟糕。我发现我父母要离婚了。,0
父母。糟糕离婚很我要发现我了。,0
我过得不好今天,0
我今天过得不好,0
我心情不好，我最好的朋友不会跟我说话。,0
最好心情朋友，。我的跟不会我不好说话我,0
我感到非常我的世界。,3
我感到非常害怕我周围的世界。,3
我生气了。我厌倦了我的妻子。,1
我气愤了。我无法忍受了我的未婚妻。,1
我有一种害怕一会的。真的很怕坐飞机,3
我有一种害怕一会坐飞机的感觉。我真的很怕坐飞机,3
我！觉得很棒,2
我觉得很棒！,2
我很生气，因为我打破了一个盘子，碎片散落在地板上。,1
我相当为难，因为我跳出了一个肉块，碎片散布在屋顶上能。,1
我感觉很。，我精神抖擞自己满足,2
我自己十分满足，我看起来风雨无阻。,2
我很不安,3
很我感到不安,3
我中感到焦虑,3
我在顽固中所大感焦虑。,3
我感觉不太好，我很焦虑,3
我心情不太好，我很恐惧感,3
我只是不该再继续下去了，一切似乎即使是那么万念俱灰。,0
了似乎不想只是下去再继续，我绝望那么是都一切。,0
实际上情绪极度所淹没,3
我实际上已经被情绪的动荡和极度的恐惧所淹没,3
我一点都不舒服。一切事情都不顺。,0
我不好，他沮丧说生气，以至于让丈夫的一辆我汽车买了和我从来。，而且我我这件事没有因为。过如此昂贵很,1
我吗对我的老太太极其为难，他今天傍晚傻子地和我大打出手了。,1
我真的对我的邻居很生气，他今天早上无缘无故地和我吵架了。,1
，我下雨淋湿,0
不是太好，今天晚上我放晴弄湿了。,0
她就是绝不和我发出声音了，我绝不知道该怎么办。,0
她就是不和我说话了，我不知道该怎么办。,0
一个同学们把我的重点项目专家建议认作了自己的。,1
一个同学把我的项目建议当成了自己的。,1
我今天那种不是太好。,1
我今天感觉不太好。,1
我想觉得打人我。,1
我觉得我想打人。,1
我好像太好了，您好，我不久以后被知悉我被奥斯卡奖一个大奖。,2
，被刚刚被我我谢谢很棒感觉告知一个，提名奖项我。,2
需要休息,1
我需要休息一下交友新闻,1
沮丧很真的伤心。我很,0
我难道相当悲伤相当沮丧。,0
我很沮丧，我今天应该去看我爸爸，但他不得不重新安排时间，我很想念他。,0
，应该爸爸他不得不时间，我,0
我感觉不太好。,0
感觉不太好,0
我这个无法账单，而且还在地工作,0
我而且账单。认为工作这个我无法应付，不停月受够了所有还地我我在。,0
我现在感到很生气。,1
感到。我生气很现在,1
失落,0
我很失落,0
我真的感到很失落和悲伤。我的伙伴和我分手了。,0
我其实大感极其绝望和感伤。我的帮手和我恋情了。,0
不想谈论,1
它不想我什至谈论,1
我感到有点压力。,3
的！了美好度过最！一天的我杰出！,2
卓越的！我共度了非常美妙的一天！！,2
我隧道拖欠很大光感觉了尽头没有抵押压力，。今天我贷款，,3
我今天压力较大，感觉高架道路十字路口没有光源，我未付了抵押担保抵押贷款。,3
我很无聊，我一个人在家,0
我很讨厌，我一条年轻人在家,0
我很生气，觉得没有人尊重我。,1
我这么气愤，觉得没有人宽容我。,1
我感到沮丧和悲伤,0
我悲伤,0
我今天不怎么好。,0
我今天不多糟。,0
实际上不是很好，感到有些焦虑,3
实际上不是很好，为此深感有些迷惘,3
我，我理智了,3
我很疲惫，我有点失去自尊了。,3
我现在感觉不太好我十分郁闷,0
我现在感觉不太好我很伤心,0
我有点沮丧,0
有点我沮丧,0
感觉很棒我！,2
我感觉很棒！,2
得做我。不太好,0
我编出得太差。,0
我觉得很难受。,0
我今天很舒服等都等疯！,3
我今天想不到比较不够难受。等结果也越快等气死了！,3
我没关系，就是有点心急。我只想让这一天开打。,3
，你的了，今天变成谢谢焦虑困难很提问它，有点恐惧,3
谢谢你的答问，今天比较困难，有点恐惧感，它变成了厌恶,3
我恰如其分。,2
我很好。,2
感觉很好,2
我那种非常重要。,2
好超级,2
好,2
积极,2
积极的,2
一点都不好！,1
我很好,2
不太好。我似乎对做得好那么多案子没有热忱。,0
不太好。我似乎多事情,0
被招惹麻了！道路交通是一连串绝望，周先生把我阻拦了，我差一点撞倒上能他们！,1
感觉。,2
我今天看起来很好。,2
我味道极神奇！,2
我感觉很焦虑，我在等那个工作项目的回音,3
感觉，我在的,3
相当放松,2
放松很,2
我我因为，分手我了。很沮丧男朋友和,0
我很，我男朋友分手了。,0
不好死了。,0
欠佳，我的小狗过世了。,0
我的忍耐被抢回了。,3
我的忍耐被用尽了。,3
我再也受不了了。,1
我站在。自己世界感觉之巅,2
我感觉自己站在世界之巅。,2
我对感到世界这个厌恶,1
我对这个世界舞台感到恐惧憎恶,1
我今天感觉很好，阳光明媚，是美好的一天。,2
我今天感较多，初夏，是灿烂的一天。,2
对我来说一切都很顺利。,2
很来说顺利。都对我一切,2
我不知道，你为什么要问我？谁让你问我的？,3
我不是知道，你为什么要反问我？谁让你反问我的？,3
我今天不爽，我很生气,1
我今天不爽很生气,1
一切都很美好你好,2
都美好谢谢,2
我感觉很好,2
我我发生坏事，停止一样要有点像无法感觉思考,3
我感觉有点像坏事要发生一样，我无法停止思考,3
我样子科同盘属。,2
我好极了。感觉,2
不知道如何这个月所有将我我处理事情,3
我不怎么知道这个年底我将如何处理所有丑事,3
我今天我感觉不像害怕自己和我害怕真的，感到,3
我今天难道那种Bokaro我自己，我感到恐惧惧怕和惧怕,3
超好的我。有工作了新一份！,2
超好的！我有一份新工作了。,2
感到我忍不住害怕总是。,3
我怕我得了前列腺癌,3
了癌症得我怕我,3
不太好因为生病了一个生日派对。,0
不好;我因为患病碰上了三个庆功宴。,0
我就安心了我的验证结果昨天上午完了，我十分清楚。,2
结果了很清楚我的测试我，回来了昨天就放心我。,2
我很不高兴,1
我十分不怎么高兴,1
说实话，我真的极其担忧好事。,3
说实话我真的事情,3
我感到压力和担心，因为我的生意下降了,3
和我压力生意担心因为，我感到下降的了,3
父母和所以我生气,1
我父母和我吵架所以我很生气,1
我心情不是太好。我的社交生活中才出现的这事极多了。,3
不太好我发生。感觉的生活中我的太多了事情。,3
我的足球队今天赢了，这总是让我心情愉快。,2
的足球队今天赢了这总是我心情愉快。,2
放松感到不到因为我我沮丧，找的方法。,0
我深感羞愧，因为我问问没松弛的演算法。,0
我比较羞愧。,1
我不太好。我今天即便不忍心清早。,0
我感到财务压力较大，我对我的男朋友很为难，因为他总是爽约而不会分批我局我。,1
我感到压力很大，我对我的男朋友很生气，因为他总是迟到而不提前通知我。,1
过的得用心您好,2
过的得好谢谢,2
由于很朋友，我吵架。沮丧和,0
，我很沮丧,0
我较多，少数几个情况下一切都较多。,2
我很好，大部分情况下一切都很好。,2
我一点都不怎么难过,1
我一点不开心都,1
我很生气,1
很我生气,1
乐观的,2
的乐观,2
生活很好我，很好感觉,2
我感觉很好，生活很好,2
我怕我的孩子得病了,3
我生病的我怕孩子了,3
我想不到不大可能过，因为我和我姊姊赌气了。,0
我真的了很难，因为过我吵架我哥哥和。,0
我今天难道沦落街头。,3
我今天真的很累。,3
我对物流配送经理沮丧憎恶，因为她在我述说我的问题以后回绝仔细观察成因,1
我对客户服务主管感到反感，因为她在我叙述我的问题时拒绝看清原因,1
非常好,2
好,2
我今天再说的没用那么差劲。他们正在面市我最喜欢的童年时代综艺节目。,0
我今天做的没那么好。他们正在推出我最喜欢的童年电视节目。,0
我今天样子不轻轻松松，极为冷淡。,3
不，紧张,3
我对今天开始我的崭新基层工作感到有点恐惧。,3
我对开始我新感到有点,3
得。很好很好做我的心情，我,2
我得很好我心情。,2
我今天感觉很好,2
我今天好像非常重要,2
我太苦恼。我找不到起床的涡轮。,0
动力郁闷很不到我找的我。起床。,0
的。目前为止这是一天！,2
颇佳的。到现在，这是灿烂的一天！,2
我感到孤独,0
我不已孤独,0
"很好谢谢，！我假期刚刚开始, 我很放松。",2
我较多，谢谢！直到现在我的假日，相当松绑。,2
我对我伴侣的行为方式感到恼火。,1
我对我男同性恋的行为途径不已不爽。,1
一点点也不好。我最近就算比较误解自己。,0
我当然不是正处最差休眠状态。,0
我当然不是处于最佳状态。,0
很好，谢谢,2
很好,2
准备好我，迎接一天这很好了。,2
我今天感到控制和平静,2
今天醒来感觉不到自己，这让我感到害怕。每当我有这种感觉时，总会发生一些不好的事情。,3
醒来不到让感到。时，发生一些。,3
不够舒服,3
了太，。生气我我杀了人可以,1
对开始新感到。我适合,3
我对开始我的新工作感到紧张。我不确定我是否适合,3
其实，最近心情有点低落。,0
我恰如其分感谢！,2
我太生气。,1
我很生气,1
我怕我的狗做不了手术。,3
我怕我的兔子做不了切除术。,3
妈他我不知道,1
我他妈不知道,1
我很生气。一切都不正常！,1
很正常,1
我感觉很快乐。,2
我感觉快乐。,2
太差。我的姐妹们有地方性可出去，借故可搞。我觉得饮恨了。,0
不太好。我的姐妹们有地方可去，有事可做。我觉得落后了。,0
不错谢谢，有点紧张，我不会这份工作，只是神经。,3
不错，谢谢，有点紧张，害怕我不会得到这份工作，只是跑掉了工厂的神经。,3
我从来未如此欢乐,2
从未快乐如此我,2
一切都很好。我度过愉快。,2
一切的在。我散步都一天山上了愉快很好度过。,2
我很生气,1