Sad - Was this caused by a specific event/s?,Sad - Was this caused by a recent or distant event (or events)?,Sad - Have you recently attempted protocol 6 and found this reignited unmanageable emotions as a result of old events?,Sad - Have you recently attempted protocol 11 and found this reignited unmanageable emotions as a result of old events?,Sad - Thank you. Now I will ask some questions to understand your situation.,Sad - Have you strongly felt or expressed any of the following emotions towards someone:,Sad - Do you believe that you should be the saviour of someone else?,"Sad - Do you see yourself as the victim, blaming someone else for how negative you feel?",Sad - Do you feel that you are trying to control someone?,Sad - Are you always blaming and accusing yourself for when something goes wrong?,"Sad - In previous conversations, have you considered other viewpoints presented?",Sad - Are you undergoing a personal crisis (experiencing difficulties with loved ones e.g. falling out with friends)?,Angry - Was this caused by a specific event/s?,Angry - Was this caused by a recent or distant event (or events)?,Angry - Have you recently attempted protocol 6 and found this reignited unmanageable emotions as a result of old events?,Angry - Have you recently attempted protocol 11 and found this reignited unmanageable emotions as a result of old events?,Angry - Thank you. Now I will ask some questions to understand your situation.,Angry - Have you strongly felt or expressed any of the following emotions towards someone:,Angry - Do you believe that you should be the saviour of someone else?,"Angry - Do you see yourself as the victim, blaming someone else for how negative you feel?",Angry - Do you feel that you are trying to control someone?,Angry - Are you always blaming and accusing yourself for when something goes wrong?,"Angry - In previous conversations, have you considered other viewpoints presented?",Angry - Are you undergoing a personal crisis (experiencing difficulties with loved ones e.g. falling out with friends)?,Anxious/Scared - Was this caused by a specific event/s?,Anxious/Scared - Was this caused by a recent or distant event (or events)?,Anxious/Scared - Have you recently attempted protocol 6 and found this reignited unmanageable emotions as a result of old events?,Anxious/Scared - Have you recently attempted protocol 11 and found this reignited unmanageable emotions as a result of old events?,Anxious/Scared - Thank you. Now I will ask some questions to understand your situation.,Anxious/Scared - Have you strongly felt or expressed any of the following emotions towards someone:,Anxious/Scared - Do you believe that you should be the saviour of someone else?,"Anxious/Scared - Do you see yourself as the victim, blaming someone else for how negative you feel?",Anxious/Scared - Do you feel that you are trying to control someone?,Anxious/Scared - Are you always blaming and accusing yourself for when something goes wrong?,"Anxious/Scared - In previous conversations, have you considered other viewpoints presented?",Anxious/Scared - Are you undergoing a personal crisis (experiencing difficulties with loved ones e.g. falling out with friends)?,Happy - That's Good! Let me recommend a protocol you can attempt.,All emotions - From what you have said I believe you are feeling {}. Is this correct?,All emotions - I am sorry. Please select from the emotions below the one that best reflects what you are feeling:,All emotions - Thank you for taking part. See you soon,"All emotions - Here are my recommendations, please select the protocol that you would like to attempt","All emotions - Please try to go through this protocol now. When you finish, press 'continue'",All emotions - Do you feel better or worse after having taken this protocol?,All emotions - Would you like to attempt another protocol? (Patient feels better),All emotions - Would you like to attempt another protocol? (Patient feels worse)
我很遗憾听到你感觉不舒服。是不是有什么特定的事情让你有这样的感觉？我想知道以便我们进一步了解这个情况。,谢谢，我明白了。你能告诉我这是最近发生的事情还是前一阵子发生的事情吗？我希望你没有因为这次事件而受到太多伤害。,我需要询问你之前与练习的互动情况。你最近有没有尝试过练习6，如果是这样，它是否会因为你想起这件事而引发困难的情绪？,我需要询问你之前与练习的互动情况。你最近有没有尝试过练习11，如果是这样，它是否会激发你记住这一事件的困难情绪？,感谢你如此乐于助人和耐心。如果你不介意，我还有几道问题可以帮助我进一步了解情况。,我知道这可能很困难，但如果你能与我分享这一点，我会非常感激。请问你是否对某人表达或感受到了以下强烈的情绪：,我想更好地理解为什么你现在正在经历这种消极的感觉。你觉得你需要拯救别人吗？,你是否认为，也许，你没有对自己的感受承担全部责任，这导致你对他人进行猛烈抨击？,谢谢你的回复，很有帮助。试着从外面看自己，你是否觉得你在控制或试图控制别人的行为？,偶尔为我们的问题责备自己是正常的，但我们应该小心不要把它变成一种破坏性的习惯。你有没有注意到你总是为任何出错的事情责备自己？,谢谢你让我知道。你是否相信你已经探索了所有选项，包括其他人可能向你建议的选项？,你是否正在经历家庭、朋友或亲人的问题，你的感受对你的影响是否很大？,是不是有什么特定的事情让你有这种感觉，我想知道。你能告诉我具体原因，以便我能更清楚地了解这件事。这样我才能做出正确的判断。,感谢你的意见，很抱歉你必须处理这个问题。你能告诉我这是由最近还是遥远的事情引起的吗？,如果你能和我分享以下信息，那对我会有很大帮助。你最近是否尝试过练习6，如果是这样，是否让你感到难以管理情绪？,如果你能和我分享以下信息，那对我会有很大帮助。你最近有没有尝试过练习11，如果是这样，它是否让你感到难以管理情绪？,我很感激你能分享你的情绪。我想再问你几道问题，以便更好地了解情况。,我知道你生气了。你能告诉我，除了这种愤怒之外，你是否对任何人也有过以下强烈的情绪：,请问你是否相信解救他人是你的责任？如果是这样，请告诉我，我想知道这是造成这种负面情绪的原因，或者让我们感到一些不好的感觉有关系。,有时别人让我们受苦，但有时可能是我们逃避为自己的行为和选择承担责任。你觉得你因为别人而受苦吗？,你是否担心可能会将这些愤怒情绪发泄到某人身上，并试图控制它们？,当发生伤害我们的事情时责备自己是很正常的，但如果我们总是这样做，它可能会积聚成非常愤怒的情绪。你认为你总是为每一个错误都责备自己吗？,我很抱歉你现在正在经历这种消极情绪。如果我问，请说实话，你是否会说在向你提出这些观点时，你总是充分考虑其他人的观点？,很抱歉听到你的麻烦，我总是在这里提供帮助。你现在是否在与任何亲人相处时遇到困难？,如果你不介意我继续说下去，是否有什么特定事件发生了而导致你有这样的感觉？你能告诉我更多关于这件事的具体细节，以便我清楚了解。,这很难。那是最近发生的还是不久前发生的？无论哪种方式，你的感受都是完全有效的。,我想知道，你是否认为尝试使用练习6来重温事件，如果你这样做了，可能会导致这种感觉吗？,我知道这件事让你很痛苦。你最近有没有重温这个事件，试图找到它的结局，但它所做的只是把你在事件中无法忍受的情绪带回来？,我很感激你觉得很舒服与我分享。你是否愿意分享更多信息以便我可以提供帮助？,我知道你正在经历一段艰难的时刻，我相信深入了解这些情绪的本质将帮助我了解最好的方法，以帮助摆脱你的痛苦。你是否曾经对一个人或多个人感到或表达过以下任何情绪：,请问你是否相信解救他人是你的责任？如果是这样，请告诉我，我想知道这是造成这种负面情绪的原因，或者让我们感到一些不好的感觉有关系。,我明白了，谢谢，那么或许我们应该去别处寻找这种焦虑的根源。你会说现在有人在伤害你，强迫你做你不想做的事情或让你受苦吗？,没关系，谢谢你让我知道。难不成你就是想控制别人的人？有时，当我们自己经历痛苦时，我们可能会这样做。,我明白了，那很好，谢谢。最近，你是不是总发现事情没有按计划进行时，总是把责任推到自己身上？,有时很容易被我们自己的观点所迷惑。你通常对别人的观点持开放态度吗？,为了让我能够帮助你，我需要知道你的生活中是否正在发生重大事件。你觉得你现在过得特别困难，无论是在工作中，在家里还是和朋友在一起？,我很高兴听到这个！你想让我推荐一项练习来进一步增强你的积极性，你想尝试吗吗？,非常感谢你与我分享。从你的回答来看，你感觉{}听起来对吗？,我很抱歉你今天误解了这一点。请你告诉我，从以下的情绪中，那个选择最反映你的感受：,非常感谢你今天抽出时间与我们合作，希望你喜欢我们的会议。我期待着下次见到你。,我有一些建议可能会对你有所帮助。请继续看一看，你可以选择你想尝试的练习,花点时间通读一遍以理解，如果可以，请尝试通读整件事。完成后只需点击“继续”按钮。,请问此练习后，你感觉心情变得更好还是更糟？,我真的很高兴这个练习让你感觉好多了。你认为如果你尝试其它练习会有帮助吗？如果是这样，你现在想尝试其他练习吗？,好吧，那很不幸，我道歉。有许多不同的练习可供选择，那么你想尝试其它练习吗？
如果你不介意我继续说下去，我想知道有没有更深层次的东西导致这种情况。,你现在一定很痛。你能分享一下这个事件是最近发生的还是很久以前？,有些人发现练习6不一定对他们有帮助，所以我试图评估它是否适合你当前的情况。你是否尝试过练习6，它是否让你感到任何负面情绪？,有些人发现练习11不一定对他们有帮助，所以我试图评估它是否适合你当前的情况。你是否尝试过练习11，它是否让你感到任何负面情绪？,谢谢，我很感激。我将问你更多问题来深入了解这个问题。,谢谢，感谢你的耐心等待。你是否会说你对某人有强烈的感受或表达过以下任何情绪：,感谢你迄今为止的合作。请问你是否觉得有必要将生活中的其他人从他们自己的问题中解救出来？,明白了，谢谢，那我再深入研究一下。在这种令人遗憾的情况下，你是否觉得自己是受害者？,在回答下一道问题之前，请尝试深入了解你与他人的关系。你觉得你在试图控制某人吗？,我明白了，谢谢你花时间回答这个问题。请问你是否觉得自己有一种总是将问题归咎于自己的倾向？,感谢你的信任，请帮助我更好地理解。你是说，在之前的谈话中，你一直愿意听取别人的看法和意见吗？,你是否觉得生活中正在发生重大的问题？,如果你不介意我问这个，我想知道是什么让你有这样的感觉。你能告诉我是否有特定的原因导致这种情况吗？比如说是不是因为某件事情，你可能会感到不舒服。,我很抱歉听到这个。这是最近发生的，还是前一段时间发生的？,我知道有时回想过去会让人不舒服。你有没有试过练习6？如果是这样，你是否感到无法处理出现的情绪？,我知道有时回想过去会让人不舒服。你是否尝试过练习11？如果是这样，你是否感到无法处理出现的情绪？,我真的很感谢他能够回答这个问题。有这种感觉是完全正常的，我想再深入研究一下这个问题，如过你不介意的话，我想再问你几道问题。,有时我们在某些情况下感觉非常强烈。你是否对生活中的某个人有过以下任何情绪：,我想问，你是否相信将他人从问题中解救出来是你自己的责任？,我理解你很生气，你很受伤。你认为你周围的人正在造成你正在经历的负面情绪吗？,再次感谢你帮助我了解情况。你是否有可能试图控制或操纵生活中的其他人？,我明白了，谢谢你的耐心。如果可能的话，我想知道你是否认为每当发生不好的事情时，你可能总是倾向于责备自己。,谢谢你让我知道。你认为你已经考虑了所有的选择，你可以从每个角度来看待你当前的情况吗？,很抱歉你生气了，我想知道这是否可能是更大事情的征兆。你最近生活中是否发生了其他重大困难？,如果你不介意我继续说下去，是不是有什么特定的事情让你有这样的感觉？你能告诉我具体原因，以便我能更清楚地了解你的情绪。,我明白。你能告诉我这个事件的时间，以便我进一步了解是什么让你感到焦虑，是最近的还是遥远的？,我知道这件事让你很痛苦。你最近有没有重温这个事件，试图找到它的结局，但它所做的只是把你在事件中无法忍受的情绪带回来？,你可能知道，练习11可用于检查此类事件。你有使用练习11的经验吗？而且，如果是这样，你是否发现它使与过去事件相关的困难情绪浮出水面？,谢谢你，你的健康状况对我来说非常重要。我现在会问一些关于你自己的问题，希望能减轻这种痛苦。,我知道你感到焦虑，现在我想更广泛地询问你的情绪状态。下面的情绪怎么样，你有没有强烈地感受过这些情绪，或者向别人表达过这些情绪：,你是否认同你可能正在尝试拯救他人，即使他们是负面情绪的主要原因？如果是这样，也许是因为这个事件而导致你感到一些不愉快的情况。,谢谢，我现在想关注的是你对这种焦虑的感受。有没有觉得你之所以有这种感觉是因为别人的所作所为？,谢谢，你可以直接说“不”或“是”，因为这有助于我更清楚地了解你的感受。在你的生活中，是否有一种关系让你试图对他们进行过多的控制？,谢谢，我想再问问你对这种焦虑的感受。你内心有没有一个声音对你说，这实际上完全取决于你，你应该为这种感觉负责，或者出现问题是你的错？,现在，我希望你回想一下你与朋友、家人或同事的对话。你觉得你善于倾听别人的意见，理解所有的观点吗？,感谢你耐心回答这些问题，我想专注于你现在的真实情况。这种焦虑真的比我们所说的更糟糕吗，你真的因为生活中正在发生的事情而痛苦吗？,哦，真是太好听了！如果你愿意，我想推荐一道符合你当前感觉的练习。,明白了，谢谢。据你所说的，我会说你现在感觉{}，这听起来对吗？,我很抱歉造成误解。你能告诉我这些情绪中的哪一道符合你的感受吗？,非常感谢与我交谈，我真的希望它做得很好。真的希望很快能再见到你！,我想如果我们能找到这些感觉的根源，我们会让你感觉好很多。你认为你想尝试以下任何练习吗？看一看，让我知道你是否想尝试一些东西。,我建议你现在就尝试这个练习，这可能很困难，但只要尽力而为，就会好的。完成练习后，按“继续”按钮，然后我们可以讨论一下，如果你愿意的话。,我知道执行练习可能很困难且要求很高。你现在感觉如何，你会说你感觉更好还是更糟？,我很高兴你感觉好多了，我觉得这很棒！你想尝试其他练习吗？,我很抱歉听到这个消息。你想尝试其他练习吗？
如果你不介意我问这个，我想知道是什么让你有这样的感觉。你能告诉我是否有特定的原因导致这种情况?,了解你处理此问题的时间很重要。请问这是最近发生的事件还是遥远的事件？,我想知道，最近尝试练习6是否会引发任何不好的感觉？如果发生这种情况，我希望你不会因为那次练习而受太多苦。,我想知道，最近尝试练习11是否会引发任何不好的感觉？如果发生这种情况，我希望你不会因为那次练习而受太多苦。,我感谢你的努力，尽管这对你来说一定很艰难。我现在有一些问题可以帮助你了解你的情况。,我很感谢你分享的感受。请问你是否有过以下感受：,你认为你需要成为别人的救星吗？如果是这样，请告诉我以便我可以提供帮助，让你感觉更好。谢谢你的耐心和努力。,谢谢你，让我们再回想一下你的这种感觉。你会说你是一个受害者，你会因为你的感受而责怪别人吗？,当涉及情绪时，总是很难保持客观，但如果可以的话，我希望你尝试一下。你是否觉得你总是更关注别人在生活中所做的事情，而不是你在生活中所做的事情？,感谢你分享这个。你能告诉我你是否觉得当事情出错时你总是在责备和指责自己吗？,有时，只要我们能够倾听，其他人也许能够帮助我们弄清楚情况并变得更强大。你认为自己是一个好的倾听者吗？,很抱歉让你感到难过，为了帮助你，我想深入挖掘一下。如果你不介意我问一下，你正在经历一场艰难的个人危机吗？,如果你不介意我问这个，我想知道是什么让你有这样的感觉。你能告诉我具体原因，以便我能更清楚地了解这件事。是不是因为特定的事情，导致这种情况？,我完全理解你为什么会有这种感觉。为了帮助你，我需要知道这是最近发生的还是前一段时间发生的。,这真的很有帮助，谢谢。据你所知，执行练习6是否让你感到生气或不安？,这真的很有帮助，谢谢。据你所知，执行练习11是否让你感到生气或不安？,我很感激你与我分享这个。我想再问几道问题，以帮助我了解你的情况。,很抱歉你感觉不好。你是否表达过或经历过以下任何负面情绪：,你认为拯救别人是你的责任吗？如果是这样，我希望你不介意告诉我。,没关系，谢谢你让我知道。你是否觉得，也许是某人或某事引起了你的负面情绪？,再次感谢你的合作。我可以问一下，你是否对某个人感到如此负责，以至于你可能试图控制他们？,好的，感谢你回答这个问题，还有任何内疚或有罪的感觉。每当出现问题时，你是否倾向于觉得自己有错？,再次感谢你今天的耐心等待。我想知道你是否真的相信，你在之前的讨论中一直仔细考虑其他人的观点。,感谢你的答复。如果你不介意我问一下，你现在正在经历个人危机吗？你的人际关系或其他事情是否特别困难？,你是否有意识到导致这种情况的因素，比如有什么特定的事情让你有这样的感觉吗？我想知道。你能告诉我具体原因，以便我能更清楚地了解你的情绪。,谢谢，这可能有助于我知道发生这种情况的时间。你能告诉我，这是最近发生的还是遥远的事件？,你可能知道，练习6可用于检查此类事件。你有使用练习6的经验吗？而且，如果是这样，你是否发现它使与过去事件相关的困难情绪浮出水面？,有时练习11可以解决过去的焦虑。你是否已经尝试过练习11，如果是的话，你是否真的发现它带来的情绪过于强烈？,非常感谢你与我分享这个，我知道这不是一件容易的事。如果你能接受，我还想再问你一些问题，以便我更好地了解你的情况。,我会给你一个情绪清单。我希望你考虑一下，然后告诉我你是否经历过，或对某个人表达过其中的任何感受：,请问你是否相信将他人从问题中解救出来是你自己的责任？,谢谢。有没有可能是其他人造成了你的消极情绪，而不是你自己的行为？,有时我们希望我们可以24/7全天候为某人服务，但这也可能变成控制行为。你是否认为你可能对某人表现出控制性行为，或试图接管他们生活的某些方面？,没关系，谢谢。你是否总是把情况看得太个人化，以至于你觉得对失败负责，并认为这总是你的错？,我理解你的感受并且不想以任何方式冒犯你，但我确实需要询问你如何与其他人及其想法打交道。在之前的讨论中，你是否考虑过其他人关于这个问题和其他主题的观点？,看起来你可能过得很艰难，请知道你可以和我谈谈。你的生活中有什么特别令人痛苦的事情吗？,有这种感觉真好，我希望我们能继续保持这个心情。我可以推荐一项练习，它可以帮助增强你的感受。,谢谢你与我分享，我想确保我理解正确。我相信你有{}的感觉，你能确认一下吗？,哦，真的很抱歉，我当时一定是误会了。你能否从以下列表中选择来告诉我你的感受：,我非常感谢你的参与，希望我们能很快再次见面。,跟据你所说的，我选择了一些可能对你有帮助的练习。你现在想尝试一项练习吗？如果是，请选择它。,感谢你的选择，你现在应该可以看到练习了；请看看你是如何处理它的。完成后，你可以按“继续”。,谢谢你，欢迎回来。现在你已经完成了，你感觉如何？,非常好。正如你暗示的那样，你感觉心情更好，你想继续执行另一项练习吗？,很抱歉，这并没有让你感觉好些，有时可能需要尝试不同的练习才能感觉好些。你想尝试其它练习希望对你更有帮助的吗？
我很抱歉听到这个。是不是有什么特定的事情让你有这种感觉，我想知道以便我更清楚地了解这件事。,谢谢，我想知道你认为你生活中的什么事件引发了这种感觉。这是最近发生的事件还是很久以前发生的？,我明白这可能很困难。请问你是否尝试过练习6来更好地理解你的情绪，但这练习太痛苦了？,我明白这可能很困难。请问你是否尝试过练习11来更好地理解你的情绪，但这练习太痛苦了？,我与你的情绪保持一致，我们将了解如何克服它。我想再问你一些问题，以更好地理解你为什么会有这种感觉。,困难的情况会使我们的情绪感到紧张。你是否有任何这些强烈的感受或向其他人表达过一下情绪：,请问你是否相信解救他人是你的责任？如果是这样，请告诉我，我想知道这是造成这种负面情绪的原因，或者让我们感到一些不好的感觉有关系。,我想知道你是否感到被周围的人理解或对抗；这对我能够帮助你很重要。你认为你周围的人理解你还是他们实际上是问题的一部分？,再次感谢，这对我的理解很有帮助。你是否在试图控制或操纵别人做你想让他们做的事情呢？,谢谢你让我知道。你会不会说你很容易自责，经常因为出了问题而责备自己？,我很抱歉你现在正在经历这种消极情绪。如果我问，请说实话，你是否会说在向你提出这些观点时，你总是充分考虑其他人的观点？,感谢你到目前为止的回答。请问你现在是否觉得自己正在经历个人危机，或者你是否正在与周围的人遇到难以处理的人际关系困难？,是不是有什么特定的事情让你有这样的感觉，我想知道。你能告诉我具体原因，以便我能更清楚地了解你的情绪。,谢谢你的回复，我真的很想帮忙。你能告诉我这是由最近的事件还是由遥远的事件引起的吗？,练习6是难度更大的练习之一，并不适合所有情况；我正在尝试确定它是否适合你。你是否尝试过练习6并发现它太难了？,练习11是一项更艰巨的练习，并不适合所有情况；我正在尝试确定它是否适合你。你是否尝试过练习11并发现它太难了？,我很遗憾听到你正在经历这一切。现在我会问你一些更多的问题来了解发生了什么，感谢你的配合。,我们都会感受到某些情绪，但如果我们专注于它们或根据它们采取行动，那可能是不健康的。最近几天，你是否对以下任何情绪感到非常强烈或向他人表达过这些情绪：,请问你是否相信将他人从问题中解救出来是你自己的责任？,谢谢，那么我们需要在别处寻找导致你负面情绪的原因。是其他人让你有这种感觉，例如你的家人或工作中的某个人吗？,有时我们会后悔自己的生活没有始终处于掌控之中，并因此试图控制他人。你觉得你可能试图控制某人吗？,嗯，那么也许你内心深处觉得这是你造成的。你是否总是为自己的错误或失败而责备自己，不管你对它们负有多大的责任？,谢谢你，这有助于我更好地了解你。你相信你是一个能够听取别人建议并付诸实践的人吗？,谢谢你对我敞开心扉，我想帮助你放下消极的想法。是否因为与家人或亲人的问题，你现在正在经历一段特殊的痛苦？,我想知道是什么让你有这种感觉。你能告诉我具体原因，以便我能够更清楚地了解发生的事情是怎么回事。是不是因为特定的东西，导致这样的情况？,感谢你分享这个。在不详细介绍的情况下，这个事件是最近发生的还是已经有一段时间了？,有时练习6可以解决过去的焦虑。你是否已经尝试过练习6，如果是的话，你是否真的发现它带来的情绪过于强烈？,在某些情况下，练习11可用于回顾特别创伤性事件，但这有时会引发麻烦的情绪反应。你之前是否使用过练习11，它是否导致你有任何无法控制的情绪？,谢谢你，到目前为止你真的很勇敢地分享。我是否可以问你几道问题来了解你的感受与提供支持吗？,我理解你感到焦虑。除了这种感觉，你最近是否也对某人有以下任何情绪：,如果你不介意的话，我想问你是否认自己是别人的救星吗？,那么这样的话，我想知道，也许你觉得你太依赖别人的认可了。你认为你的负面情绪部分是由他人造成的吗？,谢谢你。或许，你是否相信你正在对一个人施加不适当的压力来获得你所需要的结果？,谢谢，请注意，如果可以的话，让我们进一步探索。有时事情可能会出错或无法解决；当这种情况发生时，你是否觉得自己总是有错？,谢谢，我很欣赏你的诚实。请你坦白告诉我，你觉得自己能够接受其他人的观点吗？,请问你目前在生活中是否遇到了特别的困难或困难，可能会导致你过度担心或痛苦？,那太棒了！我有一个可以帮助进展这些积极情绪的练习，你想看看吗？,明白了，谢谢分享。我认为你有{}的感觉，我这样说是否正确？,哦，我很抱歉。从一下选择中，请让我知道哪一个描述了你的感受：,非常感谢你参加本次会议，我非常感谢你的时间。一会儿见！,我这里有一些练习希望你查看，我认为它们可能对你有所帮助。你能否通读一遍并告诉我你认为哪一道对你最有益，并且你想尝试一下。,感谢你选择此练习。你现在愿意尝试此练习吗？完成后，请你按“继续”按钮。,非常感谢你接受本练习。完成后，你最初的感受是什么，你感觉好些了还是更糟了？,我很高兴它有所帮助。你认为你可能喜欢做另一项练习吗？,我很抱歉听到这个。如果你想尝试另一项练习，我们可以尝试其他练习？
我很遗憾听到你感到难过。是不是有什么特定的事情让你有这样的感觉，我想知道以便我们进一步了解你的感受。,对不起，那一定很难。请问这是最近发生的事情还是很久以前发生的事情？,练习6可以唤起你可能很久都没有感受到的情绪，所以我想知道这是否是你的正确选择。有没有可能你最近尝试了练习6，这又重新点燃了这些负面情绪？,练习11可以唤起你一段时间内可能没有感受到的情绪，所以我想知道它是否是你的正确选择。有没有可能你最近尝试了练习11，这又重新点燃了负面情绪？,感谢你与我分享这一切，我想这一定很困难。我想更好地了解你正在经历的事情。,我将向你展示一系列不健康的情绪，但有时会向他人感受或表达这些不健康的情绪。如果你对生活中的人经历过以下任何情绪，请告诉我：,你觉得你需要拯救别人吗？如果是这样，我想知道你有没有意识到这责任感导致了你的负面情绪或者是不好的感觉？,非常感谢你的回答。我现在想问你，你是否认为自己是这种情况的受害者，而你的痛苦感觉应该归咎于其他人。,谢谢你。你会说，也许你正试图控制别人，让他们做你想让他们做的事，或者说你想听的话？,嗯，我明白了，谢谢你花时间回答所有这些问题，我仍在努力找出最好的帮助方式。你会说当出现问题时，你有把矛头指向自己的倾向吗？,谢谢你让我知道。你认为你已经考虑了所有的选择，你可以从每个角度来看待你当前的情况吗？,谢谢你。我想知道你是否因为与朋友或家人的问题而正在经历特别困难的时刻。,是不是有什么特定的事情让你有这种感觉？如果是这样，你能告诉我具体原因，以便我进一步了解情况吗？,谢谢你的回答，我可以联系。你会说这件事或让你感到愤怒的事件发生在最近或遥远的过去吗？,明白了，非常感谢分享。最近对练习6的尝试是否导致过去的情绪爆发？,明白了，非常感谢分享。最近对练习11的尝试是否导致过去的情绪爆发？,感谢你与我分享这一点，我知道对这些事情诚实可能很难。现在我会问你几道问题，以便更好地了解你目前的情况。,这当然不是一个理想的情况，如果可以的话，我想进一步调查你的情绪状态。你是否对任何特定的人有过以下强烈的情绪：,请问你是否相信解救他人是你的责任？我想知道是不是这个特殊原因导致了你现在的感受。,好的，谢谢你让我知道。也许你已经陷入一种心态，将自己视为受害者，而其他人是肇事者？,我想知道你的愤怒是否部分是由于缺乏控制和对它的渴望引起的。你是否感到无法但又想控制所爱的人或工作中的某个人？,我明白了，那很好，谢谢。最近，你是不是总发现事情没有按计划进行时，总是把责任推到自己身上？,有时，只要我们能够倾听，其他人也许能够帮助我们弄清楚情况并变得更强大。你认为自己是一个好的倾听者吗？,我知道这对你来说不是一个好时机，也许还有更重要的事情发生。你是否正在经历个人危机，面临涉及生活中其他人的无法处理的问题？,我想知道是什么让你有这种感觉。你能告诉我具体原因，以便我能够更清楚地了解发生的事情是怎么回事。是不是因为特定的情况，导致这样的体验？,我很抱歉这件事发生在你身上。这是最近发生的还是不久前发生的？,在某些情况下，练习6可用于回顾特别创伤性事件，但这有时会引发麻烦的情绪反应。你之前有没有使用过练习6，它有没有让你有任何无法控制的情绪？,我想知道现在是否有什么东西重新点燃了这种感觉。你是否尝试过记住或重温此事件并因此感到焦虑？,我知道这对你来说可能很难讨论，但你的信息非常有用，谢谢。如果我继续问你一些问题，以便我更清楚地了解你的情况，可以吗？,我完全理解你的感受，这一定很难。如果我可以问，你是否觉得你已经向某人表达了以下任何情绪：,请问你是否相信解救他人是你的责任？如果是这样，我想知道以便我们进一步了解这个事件的具体情况。,好的，如果你能与我分享更多信息，我将不胜感激。你可能认为自己是受害者吗？你会因为你的负面情绪而责怪别人吗？,我明白了，谢谢，我还有一道问题想问。你有没有觉得生活中有些事情或人太难以预测了，并希望你能对它们有更多的控制？,很抱歉，你感觉不太好，我想知道你是否为此将责任归咎于自己。你认为你总是为每一道问题责备自己吗？,我希望你仔细思考并诚实地告诉我，如果你认为你最近一直在充分听取其他人的建议，并认为值得采纳这些建议。,谢谢你对我敞开心扉，我真的很感激。请问你是否遇到与亲人或朋友的一些问题，或者你是否处理过任何其他重大的痛苦事件？,我有一项练习，你可以尝试进一步改善这种感觉。你想尝试吗？,谢谢，我只是想确保我理解正确。我想你感觉{}，这听起来对吗？,我很抱歉我在这方面做得不好，我并不是故意的。请告诉我，从以下选择中，那个情绪最适当？,感谢你的参与，我真的很感激，你的努力非常宝贵。祝你有美好的一天！,如果你愿意，我有一些我认为可以帮助你的建议。在以下练习中，你现在想尝试其中一道吗？如果是，请选择它。,谢谢，现在你可以尝试你选择的练习。当你完成后，如果你能回到我身边并按“继续”，我将不胜感激。,谢谢，我知道这可能要求很高。该练习是否让你感觉比以前更好或更糟？,太好了，我很高兴它有所帮助。你想尝试其他练习吗？,我很抱歉你感觉更糟。也许我们应该坐下来尝试其它可能对你更有益的练习？
如果你不介意我继续下一道问题，是不是有什么特定的事情让你有这样的感觉，我想知道。你能告诉我具体原因，以便我更清楚地了解这件事。,明白了，谢谢分享。你会说这是最近发生的还是遥远的事件，这样我才能得到更好的画面？,感谢你与我分享。我正在努力确定帮助你的最佳方式，并知道重新审视创伤有多么困难。我很好奇练习6是否对你来说太痛苦了？,感谢你与我分享，我正在努力确定帮助的最佳方式，并知道重新审视创伤有多么困难。我很好奇练习11是否对你来说太痛苦了？,非常感谢你与我分享这一点，我能体会到这种感觉。我只需要问几道问题以更好地了解你现在正在处理的问题。,我与你的情绪保持一致，我们会理解克服它。你是否对某人有强烈的感受或表达过以下任何情绪：,你是否认同你可能正在尝试拯救某人，即使这样做导致了你的负面情绪？,感谢你分享这个。你能告诉我你是否认为自己是受害者，把你的负面情绪归咎于别人吗？,下面的问题可能感觉有点直接，但请尽量诚实地回答。你会说你现在觉得有必要控制某人或某事吗？,我明白了，那很好，谢谢。最近，你是不是总发现事情没有按计划进行时，总是把责任推到自己身上？,再次感谢你今天的耐心等待。我想知道你是否真的相信，你在之前的讨论中一直仔细考虑其他人的观点。,感谢你的耐心等待，我真的很感激。你能告诉我，你是否觉得在你生命中的这一刻正在经历个人危机，在工作或家庭中遇到严重的困难？,是不是有什么特定的事情让你有这样的感觉，我想知道是怎么回事。你能告诉我具体原因，以便我能更清楚地了解你的情绪状态。,很抱歉听到这个。是最近发生的还是更远的事件导致了这种情况？,我理解并且很抱歉发生这种情况。你最近是否尝试过练习6并发现由于旧事件而重新点燃了无法控制的情绪？,我理解并且很抱歉发生这种情况。你最近是否尝试过练习11并发现由于旧事件而重新点燃了无法控制的情绪？,所有这些都非常有价值，感谢你到目前为止的回答。如果可以的话，我想问更多关于你的感受的问题。,理解我们的情绪可能很困难。你是否会说你对以下情绪有任何强烈的感受或表达：,你是否认同你可能正在尝试拯救其他人？也许是因为这件事，让你有这种感受。,我明白了，那么受害的感觉呢，这些有时会让我们对这个世界感到愤怒。你觉得别人在伤害你或利用你吗？,当我们觉得自己的生活很少或没有时，我们可能会渴望控制。你有没有可能在试图控制你生活中的某个人？,谢谢，我想再问问你对这种愤怒的感受。你内心有没有一个声音对你说，这实际上完全取决于你，你应该为这种感觉负责，或者出现问题是你的错？,有时很容易被我们自己的观点所迷惑。你通常对别人的观点持开放态度吗？,你知道，我想知道这种愤怒是否有更深的根源。你的生活中是否有任何重大事件、危机或与你关心的人发生重大关系？,我想知道是什么让你有这种感觉。你能告诉我具体原因，以便我能更清楚地了解发生的事情是怎样的情况。如果是这样，你是否能够描述一下，是不是也有一些特定的东西让你感到不舒服？,我知道谈论这些事情可能很难，所以谢谢你对我敞开心扉。你想告诉我更多关于这件事是什么时候发生的，是最近发生的事情还是过去发生的事情？,我想知道现在是否有什么东西重新点燃了这种感觉。你是否尝试过记住或重温此事件并因此感到焦虑？,尝试练习11来重温创伤性事件会带来消极和无法控制的情绪。你是否尝试执行练习11重新审视该事件并因此感到不舒服？,感谢你分享这些细节，我知道这对你来说一定很困难。现在我想问一些问题，以便更好地了解你的情况。,我们都会感受到情绪，有时会向他人表达情绪，有时这些情绪会非常强烈。你是否认为你对某人有过强烈的感受或表达过以下任何情绪：,你觉得你需要拯救别人吗？如果是这样，请告诉我。,没关系，谢谢。你会因为发生在你身上的事情而责怪任何人吗？你认为自己是这一切的受害者吗？,我能理解焦虑是什么感觉，有时焦虑会让我们觉得某人没有按照他们应该的方式行事。你有没有可能在试图控制某人，甚至没有意识到吗？,谢谢，你的情绪和感觉是有效的，我想了解更多。你是否总是觉得生活中的任何困境或问题都应该归咎于你？,请回想一下之前与其他人的对话。在你之前的谈话中，你是否考虑过对方的观点，即使他们与你自己的不同？,请记住这是一个安全的空间，我在这里帮助你感觉更好。如果我问，你是否觉得你现在正在经历个人危机（例如与亲人相处困难或与朋友闹翻）？,听到这个消息我很高兴。你是否有兴趣尝试一道练习？,谢谢，我只是想确保我们在同一页面上。你认为{}最能描述你现在的感受吗？,我很抱歉。你实际感觉如何？你能从下面的列表中选择它吗？,谢谢你今天，我真的很感激。很快又赶上了。,我有一些建议可能会对你有所帮助。请继续看一看，你可以选择你觉得最合适的练习。,我认为这对你有好处，我是来帮忙的。请尝试现在完成此操作，完成后，按“继续”。,谢谢你。如果你能指出这项活动是否让你感觉比开始前更好或更糟，那将非常有帮助。,太好了，这是朝着正确方向迈出的一步。我认为尝试其它练习是个好主意，你怎么看？,这不好，但我们仍然可以修复它。正如你所暗示的那样，你在使用该方案后感觉并没有好转，你想尝试不同的方案，看看效果如何吗？
这个问题可能会让你感到不舒服，可是你可以告诉我是不是有什么特定的事情让你有这样的感觉，我想知道。谢谢。,我很抱歉听到这个。是否有一些最近发生的事件可以作为造成这种情况的原因，或者是很久以·前发生的事件？,你是否尝试过练习6并且可能发现这并没有像你希望的那样提供帮助？,你是否尝试过练习11并且可能发现这并没有像你希望的那样有帮助？,我很抱歉听到你情绪低落。我可以再问几道问题以便我清楚了解你现在的状况吗？,谢谢你，我想让你知道，如果我们能够理解它们并向它们学习，即使是负面情绪也可以帮助我们成长。你最近是否对你认识的任何人经历过以下任何情绪：,如果你不介意的话，我想问你是否认自己是别人的救星吗？,我明白。在这种情况下，其他人是否是问题所在，也许是你亲近的人对待你的方式？,我明白了，也许你的悲伤可能是因为无法从别人达到你需要或期望的东西。你有没有可能在试图控制某人，但因无法控制而让你感到沮丧？,谢谢，我想再问有关你的感受的细节。你内心有没有一个声音对你说，这实际上完全取决于你，你应该为这种感觉负责，或者出现问题是你的错？,谢谢你，这有助于我更好地了解你。你相信你是一个能够听取别人建议并付诸实践的人吗？,感谢你如此耐心和合作。如果你不介意，请问你是否觉得你此刻正在挣扎。,是不是有什么特定的事情让你有这样的感觉，我想知道。你能告诉我具体原因，以便我能更清楚地了解你的情绪。,我明白了，谢谢你与我分享。请问，这件事引起你的愤怒是遥远的还是最近的？,谢谢你帮助我更好地理解。我想知道你最近是否尝试过练习6？如果是，你是否发现这过程引发了一些不愉快的情绪？,谢谢你帮助我更好地理解。我还想知道你最近是否尝试过练习11，如果是，你是否发现它引发了你的愤怒？,很高兴你能告诉我，谢谢。现在，如果你没问题，我想问你一些事情，这样我就可以确定现在发生了什么。,我知道这可能很难，但你能告诉我更多关于你的情绪吗？我想知道你是否对它人有过以下情绪：,你认为你需要成为别人的救星吗？如果是这样，请告诉我以便我可以提供帮助，让你感觉更好。谢谢你的耐心和努力。,感谢你的回答，让我们看看是否还有其他事情困扰着你。你觉得最近有人虐待你或伤害你吗？,好的，谢谢你。那你有没有可能想控制你认识的人的言行，但这种愿望让你感到沮丧？,没关系，谢谢。你是否总是把情况看得太个人化，以至于你觉得对失败负责，并认为这总是你的错？,现在，我希望你回想一下你与朋友、家人或同事的对话。你觉得你善于倾听别人的意见，理解所有的观点吗？,我想知道你的愤怒是否会被隐藏在表面之下的更大的东西触发。你最近在个人生活或职业生活中是否遇到了非凡的困难？,是不是有什么更深层次的东西导致这种情况。你能告诉我具体原因，以便我能够更清楚地了解这件事吗？,我很遗憾听到这个消息，希望你不介意在它发生时与我分享。是最近的还是遥远的？,尝试练习6来重温创伤性事件会带来消极和无法控制的情绪。你是否尝试执行练习6重新审视该事件并因此感到不舒服？,有时不好的感觉可能会回来，因为发生了一些事情让它们再次出现。你最近是否尝试过练习11，并且无法将自己与过去所产生的负面情绪疏远？,我非常感谢你对我迄今为止的问题的回答。我想再问多几道问题以更好地了解你的情况。,当我们感觉不到自己时，有时我们可以将其发泄在我们周围的人身上。你是否对生活中的任何人强烈感受到或表达了以下任何情绪：,你认为你需要成为别人的救星吗？我希望你不介意告诉我。,好的，让我们进一步探讨一下。你认为你可能会让别人对你对自己的感觉负责，可能将自己视为受害者吗？,我明白了，谢谢你，让我们继续下一道问题，试图找到你感受的根源。也许你觉得你在试图控制某人？,谢谢你，如果你同意的话，我希望我们能深入挖掘一下。当事情没有按照你想要的方式发展时，你认为你总是为此责备自己吗？,我明白了，谢谢你，以及你如何与他人相处。你能不能坦率地说，你考虑到了别人的感受，仔细倾听了他们对你说的话？,感谢你迄今为止分享的一切。如果我问你，你是否觉得自己正在经历特别困难的情况，无论是与家人、朋友还是亲人？,听到这个消息我很高兴！我可以建议一道可能有助于增强你的积极情绪的练习，确保你尽可能长时间地感觉良好。,感谢你与我分享你的感受。从你所说的，我相信你感到{}？,非常抱歉。请从以下情绪中选择你的感受：,我非常感谢你所花费的时间以及你与我分享的所有内容。我希望很快能再次联系。,我有一些练习想让你尝试一下。你想尝试其中任何一道吗？,当你准备好时，我希望你阅读并尝试该练习。一旦你对此感到满意，请随时选择“继续”。,谢谢你这样做。它是否有所作为，如果是这样，你现在感觉好些了，还是更糟了？,太好了，很高兴听到这个消息！你想尝试其他练习吗？,我很抱歉听到这个消息。你愿意尝试其它练习吗？
哦，听到这个我很抱歉。是不是有什么特定的事情让你有这样的感觉，我想知道。你能告诉我具体原因，以便我能更清楚地了解你的情绪。,我很遗憾听到这个消息。这是最近发生的还是很久以前发生的？,我认为练习6可能会有所帮助，但在我提出建议之前，我想进一步调查一下。如果你最近尝试过练习6，你能告诉我它是否会因为旧的事件而导致无法控制的情绪吗？,我认为练习11可能会有所帮助，但在我提出建议之前，我想进一步调查一下。如果你最近尝试过练习11，你能告诉我它是否因为最近的事件而导致无法控制的情绪吗？,谢谢，希望我们能更好地了解你最近的困难。如果可以的话，我今天还有几道问题要问你。,谢谢你对我的信任，我现在想知道你最近在处理什么样的情绪。你能告诉我你是否有过以下任何情绪：,我想问，你是否相信将他人从问题中解救出来是你自己的责任？,没关系，谢谢你让我知道。有没有人因为你的悲伤而特别责备谁？,你的悲伤会导致你对某人变得操纵吗？你有没有可能在试图控制某人的行为以让自己感觉更好？,没关系，谢谢。你是否总是把情况看得太个人化，以至于你觉得对失败负责，并认为这总是你的错？,有时，只要我们能够倾听，其他人也许能够帮助我们弄清楚情况并变得更强大。你认为自己是一个好的倾听者吗？,我知道这可能很艰难，所以感谢你如此耐心地回答所有问题。你最近是否经历过强烈的情绪压力，或者你是否感到被朋友或亲人误解？,是不是有什么特定的事情让你有这种感觉，我想知道。你能告诉我具体原因，以便我能更清楚地了解你的情绪。这样我才能做出准确的判断让你感到不安的原因。,谢谢，我明白了。你能告诉我这是最近发生的事情还是前一阵子发生的事情吗？我希望你没有因为这次事件而受到太多伤害。,我想了解练习6是否适合你，因为它可能非常激烈。请问你最近是否尝试过练习6，并发现这会带回过去的负面情绪？,我想了解练习11是否适合你，因为它可能非常激烈。请问你最近是否尝试过练习11，并发现这会带回过去的负面情绪？,你所经历的听起来很难。为了更好的了解你的情况，我现在再问你一些问题。,我们有时会感觉到我们认为不好的情绪，但我们知道它们不好这一事实让我们意识到，所以感受这些情绪是可以的，我们总有一天会感受到它们。你是否对某人有强烈的感受或表达过以下任何情绪：,请问你是否相信将他人从问题中解救出来是你自己的责任？如果是这样，请告诉我，谢谢。,我明白了，谢谢，那么或许我们应该去别处寻找你愤怒的根源。你会说现在有人在伤害你，强迫你做你不想做的事情或让你受苦吗？,谢谢你的回复，很有帮助。试着从外面看自己，你是否觉得你在控制或试图控制别人的行为？,谢谢，请注意，如果可以的话，让我们进一步探索。有时事情可能会出错或无法解决；当这种情况发生时，你是否觉得自己总是有错？,我理解你的感受并且不想以任何方式冒犯你，但我确实需要询问你如何与其他人及其想法打交道。在之前的讨论中，你是否考虑过其他人关于这个问题和其他主题的观点？,你是否正在经历家庭、朋友或亲人的问题，你的感受对你的影响是否很大？,是不是有什么更深层次的的事情让你有这样的感觉，我想知道。你能告诉我具体原因，以便我能更清楚地了解你的情绪。,好的，我明白了，请告诉我更多关于它的信息。这是什么时候发生的，最近还是前一段时间？,有时不好的感觉可能会回来，因为发生了一些事情让它们再次出现。你最近是否尝试过练习6，并且无法将自己与过去所产生的负面情绪疏远？,谢谢你和我分享这个。请问，你最近有没有讨论过这个过去的事件或试图重温它，这可能让你感到一些不适或带来一些负面情绪吗？,谢谢你。我知道这并不总是那么容易，但你能告诉我的任何事情都会帮助我更好地了解你的情况。你介意我再问你几道问题吗？,对他人有强烈的情绪是很正常的，我不是来评判你的。你是否对他人感受到或表达了以下任何情绪：,请问你是否相信解救他人是你的责任？,那就好，谢谢解答。我想问一下，如果你不介意，你是否觉得自己受到了伤害或你的负面情绪源于他人,我很感激你对我敞开心扉。在这一切中，你是否看到自己试图影响或控制他人的行为？,谢谢你。这里没有正确或错误的答案，探索事物是好的。当事情不像你想要的那样发展时，你认为你总是要负责吗？,我很抱歉你现在正在经历这种消极情绪。如果我问，请说实话，你是否会说在向你提出这些观点时，你总是充分考虑其他人的观点？,如果这些问题听起来有点私人，我深表歉意。你是否正在经历某种个人危机或紧急情况，这是否是你情绪的原因？,很高兴你很好。我可以给你一项练习，你可以尝试让这种良好的感觉产生更持久的影响吗？,谢谢，如果我错了，请原谅我。我相信你是{}，我的想法是否正确？,对不起误解了。你介意从这个列表中选择更适合你当前状态的情绪吗？,我真的很感谢你的努力，谢谢你的参与。让我们很快再谈。,我有一些我认为对你有用的练习·。你可以从列表中选出你觉得最适合你的练习。,此练习可能对你有所帮助，请你尝试一下。完成后，你只需按“继续”按钮。,如果我可以问一下，你现在完成了练习，感觉如何？我希望你感觉好些，但如果你感觉更糟也没关系，告诉我，我会尽力提供帮助。,我真的很高兴你感觉好多了。也许你准备好尝试其它练习？,如果你感觉更糟，请不要担心，这可能会发生，但我们仍然可以解决它。我们要不要尝试不同的练习，然后看看你感觉如何？
是不是有什么特定的事情让你有这样的感觉，我想知道。你能告诉我更多关于这件事的具体细节，以便我能更清楚地了解发生的情况。,我很抱歉听到这个。我也可以问一下是不是由最近或遥远的事件引起的？,这是不幸的。你有没有尝试过练习6，它是否引发了你对这次事件的同样困难的情绪？,这是不幸的。你有没有尝试过练习11，它是否引发了你对这次事件的同样困难的情绪？,谢谢你让我知道，我很感激。我现在想做的是问几个关于正在发生的事情的问题，这样我就可以更好地了解正在发生的事情。,我们有时可能会经历一些我们可能会羞于承认的困难情绪，但它们是完全正常的，我们识别并处理它们很重要。你能告诉我你是否感受到或表达了以下任何情绪：,你是否认同你可能正在尝试拯救它人，即使承担这个责任导致你对他人感到如此负面情绪？,我同情你现在所经历的悲伤。我想知道，在你的生活中，有没有人让你觉得应该为你的悲伤负责？,谢谢你的回答，我一直在这里理解和帮助你，从不评判。你有没有可能试图掌控别人的生活？,谢谢，请注意，如果可以的话，让我们进一步探索。有时事情可能会出错或无法解决；当这种情况发生时，你是否觉得自己总是有错？,有时很容易被我们自己的观点所迷惑。你通常对别人的观点持开放态度吗？,我想知道你的悲伤是否可以在更广泛的问题上解决。你在生活中是否遇到任何重大问题，例如，你是否与所爱的人闹翻了？,是不是有什么特定的事情让你有这种感觉，我想知道。你能告诉我具体原因吗？也许是因为这件事而导致这些情况。,你现在一定很痛。你能分享一下这个事件是最近发生的还是更久以前？,谢谢你；我认为练习6可以帮助你处理这个事件，但是有些人报告说这个练习可能相当激烈。你是否已经尝试过练习6，如果是这样，它是否激起了困难或创伤性的情绪？,谢谢你；我认为练习11可以帮助你处理这个事件，但是有些人报告说这个练习可能相当激烈。你是否已经尝试过练习11，如果是这样，它是否激起了困难或创伤性的情绪？,我希望我们今天能解决问题，让你感觉更好。我可再问你几道问题吗？,有时，我们可能会感受到我们并不引以为豪的情绪，但识别它们、接受它们并理解它们仍然很重要。请问你是否对它人有以下情绪：,你认为你需要成为别人的救星吗？我希望你不介意告诉我。,谢谢，我现在想关注的是你对这种愤怒的感受。有没有觉得你之所以有这种感觉是因为别人的所作所为？,在回答下一道问题之前，请尝试深入了解你与他人的关系。你觉得你在试图控制某人吗？,很抱歉，你感觉不太好，我想知道你是否为此将责任归咎于自己。你认为你总是为每一道问题责备自己吗？,谢谢，我很欣赏你的诚实，在我看来你是一个非常开放的人，但是有时很容易过于执着于我们的信念，这会阻止我们作为个人成长。老实说，你是否觉得自己一直能够接受其他人的观点？,你是否觉得生活中正在发生重大的问题？,是不是有什么特定的事情，或者其他更深层次的东西，让你有这样的感觉吗？我希望你能告诉我具体原因，以便我更清楚地了解这件事。,我很抱歉听到它。这是什么时候发生的，最近还是前一段时间？,谢谢你和我分享这个。请问，你最近有没有讨论过这个过去的事件或试图重温它，这可能让你感到一些不适或带来一些负面情绪吗？,我意识到克服过去的消极想法可能很困难。最近尝试了练习11是否让你想起了这件事，从而使你记忆犹新，并让你感到焦虑？,谢谢你和我分享你的感受。为了了解你的情况，我现在想征得你的同意，问你一些问题。,感到焦虑也可能与其他情绪混合在一起，我想看看你是否认出此列表中的任何情绪，或者你是否对它们感到熟悉。你之前是否强烈体验过以下任何情绪：,请问你是否相信将他人从问题中解救出来是你自己的责任？如果是这样，请告诉我，谢谢。,好的，谢谢你的回答。你认为你的负面情绪是由别人对你的行为引起的吗？,我明白。也许你生活中的某个人没有按照你认为的那样行事，而你可能正在鼓励他们改变自己的方式？,偶尔为我们的问题责备自己是正常的，但我们应该小心不要把它变成一种破坏性的习惯。你有没有注意到你总是为任何出错的事情责备自己？,谢谢你让我知道。你认为你已经考虑了所有的选择，你可以从每个角度来看待你当前的情况吗？,谢谢你的坦率和诚实，我想确保你没事。考虑到正在发生的一切，你的社交和个人福祉目前是否受到特别严重的影响？,我很高兴听到这个。我认为这将是尝试可能让你感觉更好的练习的最佳时机。,谢谢你，让我仔细检查一下你刚刚告诉我的。据我所知，你的感受是{}，准确吗？,很抱歉我误解了这一点。请问你从下面的列表中选择更准确地反映你的感受的情绪吗？,今天到此结束，感谢你与我交谈，我希望这次谈话对你有所帮助。期待很快再次见到你。,我有一些我认为可能对你有所益处的想法可以推荐给你，你想试一试吗？,我了解此练习可能具有挑战性，但请你尝试完成它。如果你设法完成它，请按“继续”，然后我会问你几个后续问题。,谢谢。接受此练习后，你感觉如何？我希望你现在感觉好多了，但如果你觉得自己感觉更糟，那也没关系。,我很高兴你发现这有帮助，并且你这样做后感觉好一些。你认为你也会从另一项练习中受益吗？,很抱歉听到。你想尝试其他练习吗？可能其他选择会更适合你。
很抱歉听到这个，我可以理解。是不是有什么特定的事情让你有这样的感觉。你能告诉我更多关于这件事的具体原因，以便我们进一步了解情况。,非常感谢你让我知道。你会说是最近或遥远的事件（或事件）引起了这种情绪吗？,我很抱歉你正在经历这个。你最近是否尝试过练习6并发现由于旧事件而重新点燃了无法控制的情绪？,我很抱歉你正在经历这个。你最近是否尝试过练习11并发现由于最近的事件而重新点燃了无法控制的情绪？,我很感激你与我分享这个。如果你觉得合适，我希望你现在提供更多信息给我。,我想问你关于你可能感受到的负面情绪；有时感觉到它们是完全正常的，但重要的是我们在它们接管我们的生活之前学会识别它们。回想一下你最近的过去，你是否有时对某人有以下任何情绪：,请问你是否相信将他人从问题中解救出来是你自己的责任？,感谢你的回答，让我们看看是否还有其他事情困扰着你。你觉得最近有人虐待你或伤害你吗？,没关系，谢谢你让我知道。难不成你就是想控制别人的人？有时，当我们自己经历痛苦时，我们可能会这样做。,很抱歉，你感觉不太好，我想知道你是否为此将责任归咎于自己。你认为你总是为每一道问题责备自己吗？,现在，我希望你回想一下你与朋友、家人或同事的对话。你觉得你善于倾听别人的意见，理解所有的观点吗？,你是否会将你生命中的这一刻描述为一个紧张而复杂的时刻，你、你的人际关系和情感都受到了强烈挑战？,是不是有什么特定的事情让你有这样的感觉，我想知道。你能告诉我具体原因，以便我能更清楚地了解你的情绪。你是否能够提供更多关于这件事的详细情节，还有其他可能导致这种情况的东西？,了解你处理此问题的时间很重要。请问这是最近发生的事件还是遥远的事件？,我想知道，你是否认为尝试使用练习6来重温事件，如果你这样做了，可能会导致这种感觉吗？,我知道这件事让你很痛苦。你最近有没有重温这个事件，试图找到它的结局，但它所做的只是把你在事件中无法忍受的情绪带回来？,感谢你到目前为止的耐心等待。我还有几道问题可以更好地确定如何提供帮助。,生活中有些时刻我们可能会体验到我们并不引以为豪的情绪，但没关系，只要我们准备好向它们学习。你是否会说你最近有以下情绪：,你觉得你需要拯救别人吗？如果是这样，我想知道你有没有意识到这责任感导致了你的负面情绪或者是不好的感觉？,谢谢，如果可以的话，我想问一个后续问题。我想问，有没有可能是其他人造成了你的消极情绪，而不是你自己的行为吗？,当涉及情绪时，总是很难保持客观，但如果可以的话，我希望你尝试一下。你是否觉得你总是更关注别人在生活中所做的事情，而不是你在生活中所做的事情？,谢谢，你的情绪和感觉是有效的，我想了解更多。你是否总是觉得生活中的任何困境或问题都应该归咎于你？,我希望你仔细思考并诚实地告诉我，如果你认为你最近一直在充分听取其他人的建议，并认为值得采纳这些建议。,为了帮助你，我想深入挖掘一下。如果你不介意我问一下，你正在经历一场艰难的个人危机吗？,是不是有什么特定的事情，比如说你个人的过去或者他人的行为，让你有这样的感觉？你能告诉我具体原因，以便我能更清楚地了解你的情绪。,好的，谢谢，我很高兴你能很自在地谈论这个。这个事件是最近还是前一段时间引起了你的焦虑？,我意识到克服过去的消极想法可能很困难。最近尝试练习6是否让你回忆起这个事件，从而使你记忆犹新，并让你感到焦虑？,练习11可能有很大帮助，但我知道它有时也会引起不必要的压力。你最近是否尝试过第11条练习，并在使用后发现自己太苦恼了吗？,谢谢分享，我知道有时会很困难。我们可以多谈谈你目前的个人情况吗？,我希望你对你的处境有很多强烈的感受。你是否感受到以下任何情绪，无论是在内心还是向它人表达：,请问你是否相信解救他人是你的责任？我想知道是不是这个特殊原因导致了你现在的感受。,有时我们可能会觉得其他人要为我们的感受负责。你认为现在有人正在引起你的焦虑吗？,谢谢你和我谈论这个。另一种可能性是，你可能试图控制他人以减少焦虑，你认为情况可能是这样吗？,我明白了，谢谢你花时间回答这个问题。请问你是否觉得自己有一种总是将问题归咎于自己的倾向？,再次感谢你今天的耐心等待。我想知道你是否真的相信，你在之前的讨论中一直仔细考虑其他人的观点。,虽然在生活中遇到一些困难是正常的，但与亲人分手或与朋友闹翻等重大事件有时会导致个人危机。你认为你现在可能正在经历一场严重的危机吗？,听到这个消息我很高兴！让我们尝试一项练习，看看我们是否可以继续这样做，你怎么说？,感谢你的回答。在我看来，你现在是{}，该描述与你的感受相符吗？,对此我感到非常抱歉。你能从下面的情绪中突出你现在真正感受到的情绪吗？,我真的很想花时间感谢你成为如此出色的参与者。很高兴能很快再次见到你。,从我们的对话，我现在比较清楚地了解你的情况。如果你不介意，我可以推荐一些可能让你应付你的负面情绪。请你想想你想进行那个活动。,太好了，现在我希望你尝试完成此练习。慢慢来，当你走到最后只需按“继续”。,现在，这样做后立即感觉好转或恶化是完全正常的。你说完成练习后的感受如何？,我很高兴练习对你有所帮助。你想尝试其他练习吗？,很抱歉它现在不合适，我们可能需要尝试一些想法才能找到我们的方法。你现在准备好尝试其他练习了吗？
是不是有什么特定的事情让你有这样的感觉，如果你不介意我问这个，我想知道是怎么回事。你能告诉我具体原因，以便我更清楚地了解这件事是否发生在你身上，或者让你感到这种负面情绪。,我明白了，谢谢。这个事件是最近的还是更远的？不管怎样，我希望这对你来说没有太大的创伤。,练习6中的练习对某些人来说可能很困难，所以我想知道它们是否适合你。你是否尝试过练习6中的练习并发现它们很困难或有创伤？,练习11中的练习对某些人来说可能很困难，所以我想知道它们是否适合你。你是否尝试过练习11中的练习并发现它们很困难或有创伤？,很抱歉听到你的麻烦。我现在要问一些问题，以了解你的情况。,我了解你的心情。你能告诉我，除了这种悲伤之外，你是否对任何人也有过以下强烈的情绪：,你是否认同你可能正在尝试拯救他人？如果是这样，请告诉我以便我们更清楚地了解发生了什么，也许这就是你想要解决的事情。,我明白了，谢谢，那么或许我们应该去别处寻找悲伤的根源。你会说现在有人在伤害你，强迫你做你不想做的事情或让你受苦吗？,谢谢，你可以直接说“不”或“是”，因为这有助于我更清楚地了解你的感受。在你的生活中，是否有一种关系让你试图对他们进行过多的控制？,谢谢，你的情绪和感觉是有效的，我想了解更多。你是否总是觉得生活中的任何困境或问题都应该归咎于你？,我理解你的感受并且不想以任何方式冒犯你，但我确实需要询问你如何与其他人及其想法打交道。在之前的讨论中，你是否考虑过其他人关于这个问题和其他主题的观点？,感谢你的答复。如果你不介意我问一下，你现在正在经历个人危机吗？你的人际关系或其他事情是否特别困难？,是不是经历过这什么特定的事情让你有这样的感觉，我想知道。你能告诉我具体原因，以便我能更清楚地了解你的情绪。,谢谢，我想知道你认为你生活中的什么事件引发了这种感觉。这是最近发生的事件还是更遥远的过去？,我知道这件事让你很痛苦。你最近有没有重温这个事件，试图找到它的结局，但它所做的只是把你在事件中无法忍受的情绪带回来？,你有使用练习11的经验吗？如果是这样，你是否发现它使与过去事件相关的困难情绪浮出水面？,你很坚强，我相信如果我们一起努力，这一切都会过去，你会感觉更好。我现在很想再问一些问题，以便我能理解。,请试着坦率地看待你现在的情绪状态。你是否认为你最近可能强烈感受到以下任何情绪：,请问你是否相信解救他人是你的责任？,那么这样的话，我想知道，也许你觉得你太依赖别人的认可了。你认为你的负面情绪部分是由他人造成的吗？,再次感谢，这对我的理解很有帮助。你有没有可能在试图控制或操纵别人做你想让他们做的事情？,谢谢你，如果你同意的话，我希望我们能深入挖掘一下。当事情没有按照你想要的方式发展时，你认为你总是为此责备自己吗？,请回想一下之前与其他人的对话。在你之前的谈话中，你是否考虑过对方的观点，即使他们与你自己的不同？,感谢你到目前为止的回答。请问你现在是否觉得自己正在经历个人危机，或者你是否正在与周围的人遇到难以处理的人际关系困难？,是不是有什么特定的事情而导致这种不安全感，我想知道。你能告诉我具体原因，以便我能够更清楚地了解你的情况。,我很抱歉听到这个，我希望你不介意进一步详细说明。这是最近发生的，还是在更远的过去发生的？,练习6可能会有很大帮助，但我知道它有时也会引起不必要的压力。你最近是否尝试过练习6，并在使用后发现自己太苦恼了？,我知道这很难，所以感谢你与我分享。如果你尝试过练习11，是否会重新点燃你的这种不好的感觉？,谢谢你和我分享，你做得很好。你介意我再问你一些问题，以便我能更好地了解你的情况吗？,有时，焦虑可能会导致对他人缺乏信任、对他人感到愤怒或想要报复。你是否觉得你的焦虑可能导致你感受到以下任何其他情绪：,你认为你需要成为别人的救星吗？如果是这样，请告诉我以便我可以提供帮助，让你感觉更好。谢谢你的耐心和努力。,是不是你觉得你的负面情绪可能要归咎于其他人，这会导致你的焦虑？,出于某种原因，想要控制生活中的事物或人是很常见的，尤其是当我们正在经历一段艰难的时期并觉得没有任何进展时。你有没有可能试图控制你认识的人？,感谢你分享这个。你能告诉我你是否觉得当事情出错时你总是在责备和指责自己吗？,谢谢你，这有助于我更好地了解你。你相信你是一个能够听取别人建议并付诸实践的人吗？,我希望你能足够信任我，如果你需要帮助，请告诉我。你觉得你现在正在经历一段非常艰难的时期吗？,那太棒了！我可以推荐一道你可以尝试增强这种积极感觉的练习吗？,感谢你对我的信任并分享你的感受。如果我理解正确，你现在感觉{}，你会说这是真的吗？,哦不，我好像误会了，我很抱歉。让我再试一次：请看下面的列表，然后选择哪种情绪最能代表你今天的感受。,非常感谢你在本次会议上与我共度时光。我真的很期待很快见到你。,谢谢你回答我所有的问题，让我更清楚地了解你的情况。如果你不介意，我可以推荐一道可能对你有帮助的练习，看看它是否能帮你处理这种不愉快的感觉。你想想看，你能告诉我哪种最适合你吗？,既然你已经做出选择，请遵循练习，我希望你会喜欢它。完成后，你将需要按“继续”按钮。,感谢你花时间完成练习。它让你感觉如何——更好或更糟？,非常好。如你所知，列表中还有更多练习，你是否认为你可能想尝试其他练习，看看情况如何？,我很遗憾听到你感觉更糟。也许你想尝试其它练习？
感谢你与我分享你的情绪，我知道现在可能很难处理它们。为了我能更好地帮助你，你能告诉我是不是有什么特定的事情让你有这样的感觉，我想知道。,这个问题可能很难回答，但我想问这事是最近或很久以前发生的，以便我更清楚地了解这件事发生的具体时刻。,感谢你与我分享这个，我知道这可能很困难。我想问你最近是否尝试过练习6，如果是，你是否因此感到更加痛苦。,感谢你与我分享这个，我知道这可能很困难。我想问你最近是否尝试过练习11，如果是，你是否因此感到更加痛苦。,感谢你与我分享，我知道这有多难。我还有几道问题，以便我更好地了解你的处境以及如何提供帮助。,有时我们在某些情况下感觉非常强烈。你是否对生活中的某个人有过以下任何情绪：,你觉得你需要拯救别人吗？如果是这样，请告诉我，所以我可以提供你一些建议。,谢谢，我现在想关注的是你悲伤的感受。有没有觉得你之所以有这种感觉是因为别人的所作所为？,有时我们希望我们可以24/7全天候为某人服务，但这也可能变成控制行为。你是否认为你可能对某人表现出控制性行为，或试图接管他们生活的某些方面？,谢谢你，如果你同意的话，我希望我们能深入挖掘一下。当事情没有按照你想要的方式发展时，你认为你总是为此责备自己吗？,谢谢，我很欣赏你的诚实，在我看来你是一个非常开放的人，但是有时很容易过于执着于我们的信念，这会阻止我们作为个人成长。老实说，你是否觉得自己一直能够接受其他人的观点？,谢谢你对我敞开心扉，我想帮助你放下消极的想法。是否因为与家人或亲人的问题，你现在正在经历一段特殊的痛苦？,是不是有什么特定的事情让你有这样的感觉，我想知道。你能告诉我具体原因，以便我能更清楚地了解你的情绪。你是否有意识到自己或他人有可能是导致这种情况的因素，比如他们的行为、动作，或者其他不舒服的记忆。,对不起，那一定很难。是最近发生的事情还是很久以前发生的事情？,你可能知道，练习6可用于检查此类事件。你有使用练习6的经验吗？而且，如果是这样，你是否发现它使与过去事件相关的困难情绪浮出水面？,有时练习11可以解决与过去的创伤事件相关的愤怒。你是否已经尝试过练习11，如果是的话，你是否真的发现它带来的情绪过于强烈？,感谢你与我分享。我现在可以问一些问题以确保我理解一切吗？,谢谢，下一道问题是关于可能影响我们生活和人际关系的负面情绪，因此我们学会识别它们很重要。想想你最近的过去，你是否有时会对某人产生以下任何情绪：,你是否认同你可能正在尝试拯救它人，即使这样做导致了你的负面情绪？,好的，如果你能与我分享更多信息，我将不胜感激。你可能认为自己是受害者吗？你会因为你的负面情绪而责怪别人吗？,谢谢你。你会说，也许你正试图控制别人，让他们做你想让他们做的事，或者说你想听的话？,谢谢你。这里没有正确或错误的答案，探索事物是好的。当事情不像你想要的那样发展时，你认为你总是要负责吗？,我明白了，谢谢你，以及你如何与他人相处。你能不能坦率地说，你考虑到了别人的感受，仔细倾听了他们对你说的话？,谢谢你。我想知道你是否因为与朋友或家人的问题而正在经历特别困难的时刻。,是不是有什么特定的事情让你可能会让你觉得不舒服或不愉快吗？我想知道。你能告诉我具体原因，以便我能更清楚地了解你的情绪。,我知道这对你来说可能很难谈论。我想问一下，是最近发生的事情还是前一段时间发生的事情？,我知道这很难，所以感谢你与我分享。如果你尝试过练习6，是否会重新点燃你这种不好的感觉？,处理过去的创伤真的很艰难，我很欣赏你的勇气。请问你是否尝试过练习11，但发现它太难了？,你的回答对我的理解很有帮助。我还有几道问题，我可以再问吗？,每个人一整天都会处理很多情绪，并不是所有的情绪都是积极的。我想问你，你最近有没有特别感受到以下任何情绪：,你觉得成为别人的救星是你的责任吗？也许是因为这件事，让你有这种感受。,有时别人让我们受苦，但有时可能是我们逃避为自己的行为和选择承担责任。你觉得你因为别人而受苦吗？,当你应该接受事物的现状并允许事物流动时，你是否觉得你可能正在尝试控制情况的结果？,谢谢你让我知道。你会不会说你很容易自责，经常因为出了问题而责备自己？,有时，只要我们能够倾听，其他人也许能够帮助我们弄清楚情况并变得更强大。你认为自己是一个好的倾听者吗？,当人们的个人生活不顺利时，人们变得焦虑是很常见的。你的个人生活是否比平时压力更大（例如，与亲人或朋友的问题）？,很高兴听到这个。我正在考虑一项可能会让你感觉更好的练习，你想听更多吗？,感谢你的开放和与我分享。你今天看起来像{}，你也会这么说吗？,哦不，我很抱歉。如果你不介意，请从此列表中选择你的感受：,非常感谢你的时间和努力。祝你有美好的一天！,谢谢你回答我所有的问题，这样我才能更清楚地了解你的情况，可以推荐一些可能对你有帮助的方法。请想想你想要的练习。,那太棒了。你能不能现在就遵循这个练习，完成后点击“继续”。,我想问你对练习的看法，以及它是否对你有帮助。你感觉好些了，还是真的让你感觉更糟了？,我很高兴你发现它很有用。你想尝试其他练习吗？,我很抱歉听到这个。你想尝试不同的练习，看看它是否更有效？
"是不是有什么特定的事情,比如一些不好的记忆,让你有这样的感觉?我想知道。你能告诉我具体原因，以便我能更清楚地了解你的情绪状态。",我想知道更多关于这件事发生的具体时刻。请问这事是最近或很久以前发生的？,谢谢你，也许练习6可以帮助你处理这个事件，但是在我推荐它之前，我想确保你过去没有遇到过糟糕的经历。你是否已经尝试过练习6，如果是，它是否激起了困难或创伤性的情绪？,谢谢你，也许练习11可以帮助你处理这个事件，但是在我推荐它之前，我想确保你过去没有遇到过糟糕的经历。你是否已经尝试过练习11，如果是，它是否激起了困难或创伤性的情绪？,我理解你很伤心，在这种复杂的情况下这是完全有道理的。我现在有几道问题要问你，以帮助我了解正在发生的事情。,很抱歉你感觉不好。请问你是否表达过或经历过以下任何负面情绪：,你是否认同你可能正在尝试拯救他人？如果是这样，也许是因为这个事件而导致你感到一些不愉快的情绪。,谢谢，如果可以的话，我想问一个后续问题。我可以问你是否觉得其他人是你消极情绪的原因？,谢谢你。或许，你是否相信你正在对一个人施加不适当的压力来获得你所需要的结果？,谢谢你。这里没有正确或错误的答案，探索事物是好的。当事情不像你想要的那样发展时，你认为你总是要负责吗？,我希望你仔细思考并诚实地告诉我，如果你认为你最近一直在充分听取其他人的建议，并认为值得采纳这些建议。,我知道这对你来说不是一个好时机，也许还有更重要的事情发生。你是否正在经历个人危机，面临涉及生活中其他人的无法处理的问题？,是不是有什么特定的事情让你有这样的感觉，我想知道。你能告诉我具体原因，以便我能更清楚地了解这件事。如果你不介意我继续说下去，还有其他更深层次的问题吗？,明白了，谢谢分享。你会说这是最近发生的还是遥远的事件，这样我才能得到更好的画面？,有时练习6可以解决与过去的创伤事件相关的愤怒。你是否已经尝试过练习6，如果是的话，你是否真的发现它带来的情绪过于强烈？,在某些情况下，练习11可用于回顾特别创伤性事件，但这有时会引发麻烦的情绪反应。你之前是否使用过练习11，它是否导致你有任何无法控制的情绪？,谢谢你的诚实，我知道这可能很困难。我还需要问几道问题，以便更好地了解你的具体情况。,我希望你对你的处境有很多强烈的感受。你是否感受到以下任何情绪，无论是在内心还是向它人表达：,如果你不介意的话，我想问你是否相信解救他人是你的责任？,没关系，谢谢。你会因为发生在你身上的事情而责怪任何人吗？你认为自己是这一切的受害者吗？,下面的问题可能感觉有点直接，但请尽量诚实地回答。你会说你现在觉得有必要控制某人或某事吗？,偶尔为我们的问题责备自己是正常的，但我们应该小心不要把它变成一种破坏性的习惯。你有没有注意到你总是为任何出错的事情责备自己？,谢谢你让我知道。你是否相信你已经探索了所有选项，包括其他人可能向你建议的选项？,感谢你的耐心等待，我真的很感激。你能告诉我，你是否觉得在你生命中的这一刻正在经历个人危机，在工作或家庭中遇到严重的困难？,是不是有什么特定的事情让你有这样的感觉？你能告诉我具体原因，以便我能更清楚地了解你的情绪状态。,感谢你的分享。你能告诉我这件事发生并引起你焦虑的事情是最近发生的还是遥远的过去？我越了解，就越能支持你。,处理过去的创伤真的很艰难，我很欣赏你的勇气。请问你是否尝试过练习6，但发现它太难了？,我知道练习11通常会触发对过去的创伤事件重新产生焦虑感，所以在我推荐它之前，我想知道这是否发生在你身上。练习11是你最近尝试过的并且让你感到焦虑的东西吗？,我很高兴你能够对我敞开心扉。我希望我们能进一步深入研究这个问题。,有时我们会向他人反映嫉妒、贪婪、嫉妒、仇恨或恶意的感觉，过去的不信任会导致报复的想法，但请放心，所有这些情绪都是完全正常的。你认为你可能会感受到以下任何情绪：,你是否认同你可能正在尝试拯救他人？如果是这样，我想问你一些问题，以便我们更清楚地了解发生了什么。,我理解你很生气，你很受伤。你认为你周围的人正在造成你正在经历的负面情绪吗？,很难接受我们无法控制他人的想法或行为。你最近有没有发现自己试图控制某人？请放心，我不会因此评判你。,嗯，我明白了，谢谢你花时间回答所有这些问题，我仍在努力找出最好的帮助方式。你会说当出现问题时，你有把矛头指向自己的倾向吗？,谢谢你让我知道。你是否相信你已经探索了所有选项，包括其他人可能向你建议的选项？,我想知道你生活中的其他事情和人际关系现在进展如何。你目前是否正在经历一段特别艰难的时期，或者正面临重大问题？,太棒了，我很高兴听到它。我可以推荐一道练习来增强你的积极情绪吗？,感谢你与我分享你的想法。我认为你感到{}，是这样吗？,我很抱歉造成误解。请从下面的选择中选出最反映你感受的情绪来纠正我：,真的非常感谢你。我希望很快能见到你。,我现在才能更好地了解你的情况。如果你不介意的话，我想推荐几个我认为比较适合你的选项。,谢谢你。现在就开始研究这个练习，我们会看看它是否有帮助。完成后按“继续”，我们将再谈一些。,感谢你尝试该练习。如果你考虑一下服用前的感觉和现在的感觉，你会说你感觉更好还是更糟？,很好，我很高兴它有效。我们要不要试试其他练习？,这并不理想，但请不要放弃，有些练习有时会激起一些负面情绪，这是正常的。你想此时尝试其它练习吗？
谢谢你让我知道，我非常抱歉你有这种感觉。是不是有什么特定的事情让你有这样的感觉，我想知道。你能告诉我具体原因吗，以便我能更清楚地了解你的情绪?,你能告诉我更多关于这件事发生的时间吗，以便我能确定一些具体的情况。它是否是最近或很久以前发生的一件事？,你最近是否尝试过练习6，并发现由于旧事件而引发了强烈的负面情绪？感谢你提供帮助我了解情况。,你最近是否尝试过练习11，并发现由于旧事件而引发了强烈的负面情绪？感谢你提供帮助我了解情况。,非常感谢你跟我说话。想请教你一些问题，以便更好地了解你的情况。,我们都会感受到某些情绪，但如果我们专注于它们或根据它们采取行动，那可能是不健康的。最近几天，你是否对以下任何情绪感到非常强烈或向他人表达过这些情绪：,请问你是否相信解救他人是你的责任？我想知道是不是这个特殊原因导致了你现在的感受。,那么这样的话，我想知道，也许你觉得你太依赖别人的认可了。你认为你的负面情绪部分是由他人造成的吗？,我明白了，谢谢，我还有一道问题想问。你有没有觉得生活中有些事情或人太难以预测了，并希望你能对它们有更多的控制？,当发生伤害我们的事情时责备自己是很正常的，但如果我们总是这样做，它可能会积聚成非常悲伤的情绪。你认为你总是为每一个错误都责备自己吗？,请回想一下之前与其他人的对话。在你之前的谈话中，你是否考虑过对方的观点，即使他们与你自己的不同？,为了让我能够帮助你，我需要知道你的生活中是否正在发生重大事件。你觉得你现在过得特别困难，无论是在工作中，在家里还是和朋友在一起？,是不是有什么特定的事情让你有这样的感觉，我想知道。你能告诉我具体原因，以便我能更清楚地了解你的情绪。你是否有意识到自己或他人的行为导致了这种情况吗？,我很抱歉听到这个。是否有一些最近发生的事件可以作为造成这种情况的原因，或者是不久前发生的事件？,在某些情况下，练习6可用于回顾特别创伤性事件，但这有时会引发麻烦的情绪反应。你之前有没有使用过练习6，它有没有让你有任何无法控制的情绪？,我想知道现在是否有什么东西重新点燃了这种感觉。你是否尝试过记住或重温此事件并因此感到愤怒？,感谢你与我分享这一点，让我们再深入了解一下。我现在想再问你一些问题，以便我可以提供帮助。,有时，愤怒可能会导致你对周围的人失去信任、在内心里引起不好的想法。你是否觉得你的愤怒可能导致你感受到以下任何其他情绪：,你觉得成为别人的救星是你的责任吗？也许是因为这件事，让你有这种感受。,好的，让我们进一步探讨一下。你认为你可能会让别人对你对自己的感觉负责，可能将自己视为受害者吗？,我明白了，也许你的愤怒可能是因为无法从别人那里得到你需要或期望的东西。有没有可能在你试图控制某人但无法控制，这让你感到愤怒？,我明白了，谢谢你花时间回答这个问题。请问你是否觉得自己有一种总是将问题归咎于自己的倾向？,感谢你的信任，请帮助我更好地理解。你是说，在之前的谈话中，你一直愿意听取别人的看法和意见吗？,感谢你如此耐心和合作。如果你不介意，请问你是否觉得你此刻正在挣扎。,是不是有什么特定的事情让你有这样的感觉，我想知道。你能告诉我具体原因，以便我更清楚地了解你的情绪吗？,很高兴你能够识别出这一点。这是最近发生的事件还是前一段时间发生的事情？,我知道练习6通常会触发对过去的创伤事件重新产生焦虑感，所以在我推荐它之前，我想知道这是否发生在你身上。练习6是你最近尝试过的并且让你感到焦虑的东西吗？, 请问你有没有尝试过练习11但发现它太令人感到痛苦了？,我很高兴你与我分享了这一点，它真的帮助我更好地理解。我现在想问一些更多的问题来继续那段旅程。,你说你有焦虑的感觉，不知道你是否还记得你是否对它人有过其他强烈的情绪。你是否认为以下任何一项可能适用于你最近的感受：,你是否认同你可能正在尝试拯救他人？如果是这样，请告诉我以便我们更清楚地了解发生了什么，也许这就是你想要解决的事情。,没关系，谢谢你让我知道。你是否觉得，也许是某人或某事引起了你的负面情绪？,谢谢你，我想帮助你感觉好些，因为我知道焦虑很难。你是否有可能试图控制某人，这是否会导致你感到压力很大？,当发生伤害我们的事情时责备自己是很正常的，但如果我们总是这样做，它可能会积聚成非常焦虑的情绪。你认为你总是为每一个错误都责备自己吗？,感谢你的信任，请帮助我更好地理解。你是说，在之前的谈话中，你一直愿意听取别人的看法和意见吗？,再次感谢你，我只是想确保一切正常。最近生活中有没有让你感到困扰的部分？,那太棒了！如果你想听一听，我仍然可以推荐一道可以帮助建立这种良好感觉的练习。,谢谢你。跟据你所说的，我了解到你正感受{}，你认为这或多或少地描述了你的感受吗？,我真的很抱歉我做错了。也许以下情绪之一会更准确地描述它？,我很高兴你能参加。我希望我们能尽快联系，再次感谢。,我有一些练习可能会让你感觉更好，所以我想推荐几个我觉得最适合你的选项。我认为你可以试试这个：,真棒！现在请你尝试完成此练习并在完成后按“继续”。,感谢你的确认，我希望你不介意与我分享你在接受此练习后的感受。你觉得你感觉比以前更好还是更糟？,我很高兴你在完成最后一项练习后感觉好多了。你想尝试其他练习吗？,有这种感觉是完全正常的，你不是一个人。你想尝试不同的练习，看看它是否能让你感觉好些吗？
是不是有什么特定的事情让你有这样的感觉? 你能告诉我具体原因，我想知道更多关于这件事的详细情况。,我想问你一些问题，如果你不介意我问这个。你能告诉我更多关于这件事的具体时间，以便我进一步了解是否发生了什么。,你是否已经尝试过练习6，这是否让你回想起最近发生的事情而伤到你的情绪？,你是否已经尝试过练习11，这是否让你回想起最近发生的事情而伤到你的情绪？,感谢你分享这个。现在我想更好地了解你的情况，所以我会问你一些问题，如果可以的话。,这当然不是一个理想的情况，如果可以的话，我想进一步调查你的情绪状态。你是否对任何特定的人有过以下强烈的情绪：,请问你是否相信解救他人是你的责任？？如果是这样，我希望你不介意告诉我。,好的，如果你能与我分享更多信息，我将不胜感激。你可能认为自己是受害者吗？你会因为你的负面情绪而责怪别人吗？,我能理解你的悲伤。有时悲伤会让我们觉得某人没有按照他们应该的方式行事。你有没有可能在试图控制某人，甚至没有意识到吗？,我明白了，谢谢你的耐心。如果可能的话，我想知道你是否认为每当发生不好的事情时，你可能总是倾向于责备自己。,我明白了，谢谢你，以及你如何与他人相处。你能不能坦率地说，你考虑到了别人的感受，仔细倾听了他们对你说的话？,感谢你耐心回答这些问题，我想专注于你现在的真实情况。这种悲伤真的比我们所说的更糟糕吗，你真的因为生活中正在发生的事情而痛苦吗？,是不是有什么特定的事情让你有这样的感觉，我想知道。你能告诉我具体原因，以便我能更清楚地了解你的情绪。,我很遗憾听到这个消息。这是最近发生的还是不久前发生的？,我想知道现在是否有什么东西重新点燃了这种感觉。你是否尝试过记住或重温此事件并因此感到愤怒？,尝试练习11来重温创伤性事件会带来消极和无法控制的情绪。你是否尝试过练习11并因此感到不舒服？,非常感谢你的回复。我可以找到一些额外的信息来帮助我能够充分理解你的担忧吗？,每个人一整天都会处理很多情绪，并不是所有的情绪都是积极的。我想问你，你最近有没有特别感受到以下任何情绪：,你是否认同你可能正在尝试拯救它人？,那就好，谢谢解答。我想问一下，如果你不介意，你是否觉得自己受到了伤害或你的负面情绪源于他人？,你的愤怒会导致你对某人变得操纵吗？你是否试图让某人做或说某事以让自己感觉更好？,感谢你分享这个。你能告诉我你是否觉得当事情出错时你总是在责备和指责自己吗？,有时，只要我们能够倾听，其他人也许能够帮助我们弄清楚情况并变得更强大。你认为自己是一个好的倾听者吗？,我知道这可能很艰难，所以感谢你如此耐心地回答所有问题。你最近是否经历过强烈的情绪压力，或者你是否感到被朋友或亲人误解？,是不是有什么特定的事情让你有这样的感觉，我想知道。你能告诉我具体原因，以便我能够更清楚地了解你的情绪。,哦不，那一定很难。这是最近的还是遥远的？,请问你有没有尝试过练习6但发现它太令人痛苦了？,练习11确实可以带回记忆，这取决于情况，可能是好是坏。你是否尝试过练习11，它是否对你产生了负面影响？,我真的很感谢你和我分享你的感受。如果你觉得可以继续，我想问你一些问题以进一步了解你的情况。,很高兴你已经认识到你目前的感受，让我们看看我们是否可以识别其他一直困扰着你的负面情绪。你最近是否对任何人感到或表达过以下任何情况：,你是否认同你可能正在尝试拯救其他人？也许是因为这件事，让你有这种感受。,谢谢，那么我们需要在别处寻找导致你负面情绪的原因。是其他人让你有这种感觉，例如你的家人或工作中的某个人吗？,在不打扰的情况下，我可以问一下你生活中是否有人觉得你的行为不像你希望的那样？,我明白了，谢谢你的耐心。如果可能的话，我想知道你是否认为每当发生不好的事情时，你可能总是倾向于责备自己。,有时，只要我们能够倾听，其他人也许能够帮助我们弄清楚情况并变得更强大。你认为自己是一个好的倾听者吗？,也许你的压力源于你个人正在经历的一些困难。你在与亲人或朋友相处时遇到任何困难吗？,这真的很好，我很高兴听到它。如果你愿意，我可以建议一项练习来提升你的情绪。,非常感谢你的意见。在我看来，你现在感觉{}，这听起来准确吗？,我很抱歉，我的错。在你看来，你目前正在感受这些情绪中的哪些？,谢谢你，你很棒，很高兴能一起解决这个问题。我希望你能很快回来。,我有一些我认为可能对你有所益处的建议并想推荐给你。你是否愿意花费一定的时间来实行它们吗？,请尝试在你自己的时间完成练习。完成后，请返回并点击“继续”，以便我们评估进展情况。,你说你服用后感觉好些了还是更糟了？我真的希望我希望练习对你有所帮助，但如果情况并非如此，请随时告诉我。,哦，我真的很高兴听到它！你现在想尝试其它练习吗？,这是完全正常的，尽管我当然希望这对你来说是一种更积极的体验。我们再试一次怎么样？
如果你不介意我继续说下去，是不是有什么特定的事情让你有这样的感觉，我想知道。你能告诉我具体原因，以便我能更清楚地了解这件事。,这个问题可能很难回答，我想知道更多关于这件事发生的具体时刻。你能告诉我是否是最近或很久以前发生的一件事？,我想知道，你是否认为尝试使用练习6来重温事件，如果你这样做了，可能会导致这种感觉吗？,我想知道，你是否认为尝试使用练习11来重温事件，如果你这样做了，可能会导致这种感觉吗？,谢谢你。让我们继续讨论下一道问题，并尝试解决这种情况。,理解我们的情绪可能很困难。你是否会说你对以下情绪有任何强烈的感受或表达：,请问你是否相信将他人从问题中解救出来是你自己的责任？如果是这样，请告诉我，谢谢。,没关系，谢谢。你会因为发生在你身上的事情而责怪任何人吗？你认为自己是这一切的受害者吗？,我明白了，谢谢你，让我们继续下一道问题，试图找到你感受的根源。也许你觉得你在试图控制某人？,好的，感谢你回答这个问题，还有任何内疚或有罪的感觉。每当出现问题时，你是否倾向于觉得自己有错？,谢谢，我很欣赏你的诚实，在我看来你是一个非常开放的人，但是有时很容易过于执着于我们的信念，这会阻止我们作为个人成长。老实说，你是否觉得自己一直能够接受其他人的观点？,看起来你可能过得很艰难，请知道你可以和我谈谈。你的生活中有什么特别令人痛苦的事情吗？,如果你不介意我继续说下去，是不是有什么特定的事情让你有这种感觉，我想知道。你能告诉我具体原因，以便我能更清楚地了解这件事而帮你做出正确的判断吗？,我很抱歉听到这个。我也可以问一下是不是由最近或遥远的事件（或事件）引起的？,尝试练习6来重温创伤性事件会带来消极和无法控制的情绪。你是否尝试过练习6并因此感到不舒服？,有时不好的感觉可能会回来，因为发生了一些事情让它们再次出现。你最近是否尝试过练习11，并且无法将自己与过去所产生的负面情绪疏远？,感谢你的分享，这正在体验的情绪是完全正常的。现在，如果你不介意的话，我想再问你一些问题以更好地了解情况。,有时我们会向他人反映嫉妒、贪婪、嫉妒、仇恨或恶意的感觉，过去的不信任会导致报复的想法，但请放心，所有这些情绪都是完全正常的。你认为你可能会感受到以下任何情绪：,请问你是否相信解救他人是你的责任？？如果是这样，我希望你不介意告诉我。,好的，谢谢你的回答。你认为你的负面情绪是由别人对你的行为引起的吗？,谢谢你的回答，我一直在这里理解和帮助你，从不评判。你有没有可能试图掌控别人的生活？,谢谢你让我知道。你会不会说你很容易自责，经常因为出了问题而责备自己？,我很抱歉你现在正在经历这种消极情绪。如果我问，请说实话，你是否会说在向你提出这些观点时，你总是充分考虑其他人的观点？,我想知道你的愤怒是否可以在更广泛的问题上解决。你在生活中是否遇到任何重大问题，例如，你是否与所爱的人闹翻了？,是不是有什么特定的事情让你有这样的感觉，我想知道。你能告诉我具体原因，以便我能更清楚地了解你的情绪。,好的，有道理，谢谢你与我分享。这个事件是不久前发生的，还是最近发生的？,练习6确实可以唤起回忆，这取决于情况的好坏。你是否尝试过练习6，它是否对你产生了负面影响？,很好，我相信你对练习11很熟悉。你最近有没有尝试过练习11，如果你尝试过，当你想到这些过去的事件时，你是否觉得这带来了一些难以处理的感觉?,感谢你与我分享这一点，我知道这样的事情很难公开。我想提供帮助，为此，我需要询问一些有关你的情况的问题。,我认为有时焦虑可能会带来其他强烈的情绪。你能告诉我你是否对某人有过或表达过以下任何情绪：,你觉得你需要拯救别人吗？如果是这样，我想知道你有没有意识到这责任感导致了你的负面情绪或者是不好的感觉？,好的，谢谢你让我知道。也许你已经陷入一种心态，将自己视为受害者，而其他人是肇事者？,你是否担心可能会将这些忧虑情绪发泄到某人身上，并试图控制它们？,好的，感谢你回答这个问题，还有任何内疚或有罪的感觉。每当出现问题时，你是否倾向于觉得自己有错？,我很抱歉你现在正在经历这种消极情绪。如果我问，请说实话，你是否会说在向你提出这些观点时，你总是充分考虑其他人的观点？,你现在一定很困难，所以我想知道有没有什么大事发生。在你的生活中，有没有什么事情感觉比平常更重要？,我真的很高兴你有这种感觉。我想我可以推荐一项可以让你感觉更快乐的练习，你想听听吗？,谢谢你的开放。从你的回复来看，我认为你有{}的感觉，我这样说是否正确？,对于误会，我深表歉意。如果你可以在下方选择真正反映你感受的情绪，那将非常有帮助。,我很感激你的参与。我希望很快能再次与你合作。,我有一些我认为可能对你有所益处的练习，我想推荐给你。你现在想试试其中一道吗？,太好了，我很高兴你愿意尝试一下，希望你会发现它很有帮助。请在准备好后仔细阅读练习，如果完成后可以按“继续”，那就太好了。,做完这个练习后，你感觉如何？我希望它有所帮助。,很高兴听你这么说。你还想尝试其他练习吗？,很抱歉这个练习让你感觉更糟，有时不同的方法对不同的人更有效。你是否愿意尝试其他练习？
是不是有什么特定的事情让你有这样的感觉，我想知道。你能告诉我具体原因，以便我能够更清楚地了解你的情绪。你是否觉得自己有可能因为这件事而感到不舒服？,你能告诉我更多关于这件事发生的具体时刻，以便我们进一步了解情况。如果你不介意，请问这事是最近或很久以前发生的？,我知道这件事让你很痛苦。你最近有没有重温这个事件，试图找到它的结局，但它所做的只是把你在事件中无法忍受的情绪带回来？,我知道这件事让你很痛苦。你最近有没有重温这个事件，试图找到它的结局，但它所做的只是把你在事件中无法忍受的情绪带回来？,非常感谢你。我现在想问你一些额外的问题来更深入地了解你的困境。,我知道这可能很难，但你能告诉我更多关于你的情绪吗？我想知道你是否对它人有过以下情绪：,你认为拯救别人是你的责任吗？如果是这样，我希望你不介意告诉我。,好的，让我们进一步探讨一下。你认为你可能会让别人对你对自己的感觉负责，可能将自己视为受害者吗？,你是否担心可能会将这些悲伤情绪发泄到某人身上，并试图控制它们？,嗯，那么也许你内心深处觉得这是你造成的。你是否总是为自己的错误或失败而责备自己，不管你对它们负有多大的责任？,我希望你仔细思考并诚实地告诉我，如果你认为你最近一直在充分听取其他人的建议，并认为值得采纳这些建议。,请问你目前在生活中是否遇到了特别的困难或困难，可能会导致你过度担心或痛苦？,是不是有什么特定的事情让你有这样的感觉，我想知道。你能告诉我具体原因，以便我能更清楚地了解你的情绪状态。,非常感谢你让我知道。你会说是最近或遥远的事件（或事件）引起了这种情绪吗？,有时不好的感觉可能会回来，因为发生了一些事情让它们再次出现。你最近是否尝试过练习6，并且无法将自己与过去所产生的负面情绪疏远？,谢谢你和我分享这个。请问，你最近有没有讨论过这个过去的事件或试图重温它，这可能让你感到一些不适或带来一些负面情绪吗？,很抱歉你现在必须处理这个问题。请让我问你一些问题，以便我确定什么是让你感觉更好的最佳行动方案。,你说你现在感到愤怒，不知道你是否还记得你是否对其他人有过其他强烈的情绪。你是否认为以下任何一项可能适用于你最近的感受：,请问你是否相信解救他人是你的责任？如果是这样，我想知道以便我们进一步了解这个事件的具体情况。,有时我们可能会觉得其他人要为我们的感受负责。你认为现在有人正在引起你的愤怒吗？,没关系，谢谢你让我知道。难不成你就是想控制别人的人？有时，当我们自己经历痛苦时，我们可能会这样做。,嗯，我明白了，谢谢你花时间回答所有这些问题，我仍在努力找出最好的帮助方式。你会说当出现问题时，你有把矛头指向自己的倾向吗？,谢谢你让我知道。你是否相信你已经探索了所有选项，包括其他人可能向你建议的选项？,你是否会将你生命中的这一刻描述为一个紧张而复杂的时刻，你、你的人际关系和情感都受到了强烈挑战？,是不是有什么特定的事情让你有这样的感觉，我想知道。你能告诉我具体原因，以便我能更清楚地了解你的情绪。你是否有意识到自己或他人的行为导致了这种情况吗？,我很抱歉发生在你身上，很难经历一些痛苦的事情。这是最近发生的还是前一段时间发生的？,很好，我相信你对练习6很熟悉。你最近有没有尝试过练习6，如果有，当你想到这些过去的事件时，你是否觉得这带来了一些难以处理的感觉?,处理过去发生的事情可能很困难。你是否已经尝试过练习11来重新审视这个事件，但发现它太难和痛苦了？,谢谢分享，我知道这对你来说不容易。如果可以，我想多谈谈你的情况，以便我了解你来自哪里。,情绪往往难以识别，我认为你做得很好。重要的是我们了解我们的情绪是从哪里形成的，所以我想问你最近是否有过以下感受：,我想问，你是否相信将他人从问题中解救出来是你自己的责任？,我明白了，那么受害的感觉呢，这些有时会让我们感到焦虑。你觉得别人在伤害你或利用你吗？,再次感谢你帮助我了解情况。你是否有可能试图控制或操纵生活中的其他人？,嗯，那么也许你内心深处觉得这是你造成的。你是否总是为自己的错误或失败而责备自己，不管你对它们负有多大的责任？,谢谢你让我知道。你是否相信你已经探索了所有选项，包括其他人可能向你建议的选项？,你是否正在经历家庭、朋友或亲人的问题，你的感受对你的影响是否很大？,我很高兴你心情很好。我可以向你推荐一项练习，你可以尝试让自己感觉更好！你怎么认为？,考虑到你所说的所有内容，我相信你会感觉到{}，是这种情况吗？如果没有，请随时纠正我。,我很抱歉误解了你的感受。请告诉我你的感受，以便我更好地理解。,谢谢，你今天很棒。我希望我能很快见到你，再见！,如果你不介意，我可以推荐几个我认为很有帮助的选项。你可以按照你喜欢的顺序来做。,在你自己的时间，看看这个练习并尝试完成它。完成后，你可以按“继续”。,谢谢，我想知道你现在感觉如何。你认为该练习有任何积极或消极影响吗？,我很高兴听到这个消息。如果你愿意，我可以建议其他选择，以进展你的状况。,没关系，并不是每个人在第一个之后都感觉更好。我们试试其他练习，看看我们如何处理那个？
是不是有什么特定的事情让你有这样的感觉。你能告诉我具体原因，以便我能够更清楚地了解这件事。如果你不介意我继续说下去，我想知道有没有更深层次的东西在你脑海中盘旋。你能否给我详细地描述一下这个情况？,你能告诉我更多关于这件事发生的时间，以便我们进一步了解是什么原因造成这种感觉。,你可能知道，练习6可用于检查此类事件。你有使用练习6的经验吗？而且，如果是这样，你是否发现它使与过去事件相关的困难情绪浮出水面？,你有使用练习11的经验吗？如果是这样，你是否发现它使与过去事件相关的困难情绪浮出水面？,很抱歉让你受到伤害，在我尝试进一步调查时请耐心等待。我想再问你一些问题，这样我才能更好地了解情况。,我们有时会感觉到我们认为不好的情绪，但我们知道它们不好这一事实让我们意识到，所以感受这些情绪是可以的，我们总有一天会感受到它们。你是否对某人有强烈的感受或表达过以下任何情绪：,你认为你需要成为别人的救星吗？我希望你不介意告诉我。,那就好，谢谢解答。我想问一下，如果你不介意，你是否觉得自己受到了伤害或你的负面情绪源于他人,再次感谢你帮助我了解情况。你是否有可能试图控制或操纵生活中的其他人？,你有没有觉得当事情出错时你应该承担责任，即使你的行为让你感到不舒服或有任何不愉快的感觉？如果是这样，也许你可能会因为这个事件而责备自己，就算这不是你的错？,请回想一下之前与其他人的对话。在你之前的谈话中，你是否考虑过对方的观点，即使他们与你自己的不同？,谢谢你对我敞开心扉，我真的很感激。请问你是否遇到与亲人或朋友的一些问题，或者你是否处理过任何其他重大的痛苦事件？,有没有发生什么让你有这样的感觉的事情。是不是有特定的原因导致这种情况，你能告诉我吗？,我明白了，谢谢。这个事件是最近的还是更远的？不管怎样，我希望这对你来说没有太大的创伤。,首先，你的感受对我很重要，所以我需要询问你之前与练习的互动情况。你最近有没有尝试过练习6，如果是这样，它是否会因为你想起这件事而引发困难的情绪？,首先，你的感受对我很重要，所以我需要询问你之前与练习的互动情况。你最近有没有尝试过练习11，如果是这样，它是否会因为你想起这件事而引发困难的情绪？,谢谢你这么耐心的回答，我知道这可能很困难。如果可以的话，我想再问一些问题，以便我可以建议最佳的行动方案。,很高兴你已经认识到你目前的感受，让我们看看我们是否可以识别其他一直困扰着你的负面情绪。你最近是否对任何人感到或表达过以下任何情况：,请问你是否相信将他人从问题中解救出来是你自己的责任？我想知道是不是有什么特定的原因导致了您的心情，如果是这样，请告诉我。,是不是你觉得你的负面情绪可能要归咎于其他人，这会导致你的愤怒？,谢谢，你可以直接说“不”或“是”，因为这有助于我更清楚地了解你的感受。在你的生活中，是否有一种关系让你试图对他们进行过多的控制？,你有没有觉得当事情出错时你应该承担责任，即使你的行为让你感到不舒服或有任何不愉快的感觉？如果是这样，也许你可能会因为这个事件而责备自己，但这不一定是你的错？,感谢你的信任，请帮助我更好地理解。你是说，在之前的谈话中，你一直愿意听取别人的看法和意见吗？,为了让我能够帮助你，我需要知道你的生活中是否正在发生重大事件。你觉得你现在过得特别困难，无论是在工作中，在家里还是和朋友在一起？,是不是有什么特定的事情让你有这样的感觉，我想知道。你能告诉我具体原因，以便我能更清楚地了解导致你的情绪的特殊原因。,我希望你能谈论它。这是最近引起你焦虑的事情还是过去很遥远的事情？,处理过去发生的事情可能很困难。你是否已经尝试过练习6来重新审视这个事件，但发现它太难和痛苦了？,有时，重温创伤性事件可能比它的价值更痛苦。你最近有没有尝试过重温这个事件，但发现它太难了？,我非常乐意倾听你的担忧并与我分享你的感受。你愿意多说几句，以便我给你提供一些有用的建议吗？,我知道当我感到焦虑或害怕时，我有时会不假思索地做出消极的反应；我想知道你是否也遇到过同样的情况。如果我可以问，你会说你对某人有强烈的感受或表达过以下任何情绪吗：,你认为拯救别人是你的责任吗？如果是这样，我希望你不介意告诉我。,感谢你的回答，让我们看看是否还有其他事情困扰着你。你觉得最近有人虐待你或伤害你吗？,再次感谢你的合作。我可以问一下，你是否对某个人感到如此负责，以至于你可能试图控制他们？,你有没有觉得当事情出错时你应该承担责任，即使你的行为让你感到不舒服或有任何不愉快的感觉？如果是这样，也许你可能会因为这个事件而责备自己，但这不一定是你的错？,感谢你的信任，请帮助我更好地理解。你是说，在之前的谈话中，你一直愿意听取别人的看法和意见吗？,你是否觉得生活中正在发生重大的问题？,很高兴听到你心情很好。我实际上有一个有益的练习，你可以试试。,感谢你的开放和与我分享。据你所说的，你是否感到{}？,很抱歉对于这个误会。你会说你此刻的感受是什么？,非常感谢你的合作。我希望很快能在见到你。,我想提供你一些我认为可以帮助你的练习。如果你不介意，请参考一下建议，选出最适合你的状况的练习。,仔细阅读练习，请慢慢来，按照自己的节奏进行，不要着急。完成后，按“继续”。,谢谢，希望对你有帮助。你能告诉我你在接受这个练习后感觉好些还是坏了？,我很高兴听到这个消息。如果你愿意，我可以建议其他选择。你是否想继续使用不同的方案？,我很遗憾听到你有这种感觉。你想尝试其他练习吗？
是不是有什么特定的事情让你有这样的感觉，我想知道是怎么回事。你能告诉我具体原因，以便我能更清楚地了解你的情况。,我想问，你能告诉我更多关于这件事发生的具体时刻吗？,你是否已经尝试过练习6，如果是的话，你是否真的发现它带来的情绪过于强烈？,有你是否已经尝试过练习11，如果是的话，你是否真的发现它带来的情绪过于强烈？,感谢你与我分享这一点，我想以某种方式帮助你。现在我会问一些问题以了解你的情况。,有时，我们可能会感受到我们并不引以为豪的情绪，但识别它们、接受它们并理解它们仍然很重要。请问你是否对其他人有以下情绪：,请问你是否相信解救他人是你的责任？,好的，谢谢你的回答。你认为你的负面情绪是由别人对你的行为引起的吗？,再次感谢你的合作。我可以问一下，你是否对某个人感到如此负责，以至于你可能试图控制他们？,你有没有觉得当事情出错时你应该承担责任，而责备自己？你能够告诉我吗？谢谢。,我明白了，谢谢你，以及你如何与他人相处。你能不能坦率地说，你考虑到了别人的感受，仔细倾听了他们对你说的话？,请记住这是一个安全的空间，我在这里帮助你感觉更好。如果我问，你是否觉得你现在正在经历个人危机（例如与亲人相处困难或与朋友闹翻）？,是不是有什么特定的事情让你有这样的感觉。你能告诉我具体原因吗？我想知道这种情况是怎么回事，以便我能够更清楚地了解这件事。,这个问题可能很难回答，但我想问这事是最近或很久以前发生的，以便我更清楚地了解这件事发生的具体时刻。,有些人发现练习6不一定对他们有帮助，所以我试图评估它是否适合你当前的情况。你是否尝试过练习6，它是否让你感到任何负面情绪？,有些人发现练习11不一定对他们有帮助，所以我试图评估它是否适合你当前的情况。你是否尝试过练习11，它是否让你感到任何负面情绪？,感谢你回答这些问题，我知道这对你来说可能很困难。我现在想继续问你一些问题，以便更好地了解你此刻的感受。,我认为有时愤怒时可能会带来其他强烈的情绪。你能告诉我你是否对某人有过或表达过以下任何情绪：,你是否认同你可能正在尝试拯救某人，即使承担这个责任导致你对他人感到如此负面情绪？,你是否认为，也许，你没有对自己的感受承担全部责任，这导致你对他人进行猛烈抨击？,有时我们希望我们可以24/7全天候为某人服务，但这也可能变成控制行为。你是否认为你可能对某人表现出控制性行为，或试图接管他们生活的某些方面？,你有没有觉得当事情出错时你应该承担责任，而责备自己？你能够告诉我吗？谢谢。,有时，只要我们能够倾听，其他人也许能够帮助我们弄清楚情况并变得更强大。你认为自己是一个好的倾听者吗？,感谢你耐心回答这些问题，我想专注于你现在的真实情况。这种愤怒感是因为生活中正在发生的事情而痛苦吗？,是不是有什么特定的事情让你有这样的感觉，我想知道。你能告诉我具体原因，以便我能更清楚地了解这件事。如果你不介意我继续说下去，还有其他更深层次的问题吗？,我明白了，谢谢你澄清这一点。我想知道，这个事件是最近发生的，还是更远的过去？,有时，重温创伤性事件可能比它的价值更痛苦。你最近有没有尝试过重温这个事件，但发现它太难了？,众所周知，练习11会对某些人产生负面影响，如果你最近尝试过，我想知道它是否会导致你目前的情绪。你是否熟悉练习11，如果熟悉，你是否认为它可能导致你的焦虑？,感谢你与我分享这一切。你介意我们继续前进并一起解决这个问题吗？,我知道你说你今天一直感到焦虑，所以我想知道你是否有其他负面情绪。在这些情绪当中，你有没有体验过一下任何感受：,如果你不介意的话，我想问你是否相信解救他人是你的责任？,你是否认为，也许，你没有对自己的感受承担全部责任，这导致你对他人进行猛烈抨击？,有时我们会后悔自己的生活没有始终处于掌控之中，并因此试图控制他人。你觉得你可能试图控制某人吗？,你有没有觉得当事情出错时你应该承担责任，而责备自己？你能够告诉我吗？谢谢。,有时，只要我们能够倾听，其他人也许能够帮助我们弄清楚情况并变得更强大。你认为自己是一个好的倾听者吗？,为了帮助你，我想深入挖掘一下。如果你不介意我问一下，你正在经历一场艰难的个人危机吗？,太好了！很高心听到你感到快乐。我们要不要一起选择一项练习来保持这种状态？,明白了，谢谢从你的回答中，我看出你现在感觉{}，这听起来准确吗？,对不起，也许我不是最擅长阅读人的。如果你不介意我问一下，你今天感觉如何，你能从下面的列表中选择你觉得最接近你当前心情的吗？,非常感谢你向我敞开心扉，告诉我你的感受。我很高兴我们可以进行这次聊天，如果你需要我，我会在这里。,从我们的对话，我现在比较清楚地了解你的情况。我可以推荐其他的选项。请你选哪个最适合你的练习，看看效果如何。,太好了，那我们继续吧。尽最大努力完成后，请返回并按“继续”。,感谢你确认你已接受此练习，我希望这对你来说是一次积极的体验。请问你现在感觉比开始练习之前好还是不好？,太好了！如果你愿意，我可以建议其他选择，以进展你的状况。,也许我们需要更深入地了解你的情况。如果你愿意，我们可以尝试其他练习。
如果你不介意我继续说下去，我现在想问你一些更深层次的问题。是不是有什么特定的事情让你有这样的感觉。你能告诉我具体原因，以便我能够更清楚地了解这件事吗？,你能告诉我更多关于这件事的具体时间，以便我们进一步了解是什么原因导致这种情况。,在某些情况下，练习6可用于回顾特别创伤性事件，但这有时会引发麻烦的情绪反应。你之前有没有使用过练习6，它有没有让你有任何无法控制的情绪？,在某些情况下，练习11可用于回顾特别创伤性事件，但这有时会引发麻烦的情绪反应。你之前有没有使用过练习11，它有没有让你有任何无法控制的情绪？,感谢你与我分享你的感受，感谢你的信任。如果你不介意，我现在将问你几道问题以更好地了解情况。,生活中有些时刻我们可能会体验到我们并不引以为豪的情绪，但没关系，只要我们准备好向它们学习。你是否会说你最近有以下情绪：,你是否认同你可能正在尝试拯救某人？,有时我们可能会觉得其他人要为我们的感受负责。你认为现在有人正在引起你的悲伤吗？,有时我们会后悔自己的生活没有始终处于掌控之中，并因此试图控制他人。你觉得你可能试图控制某人吗？,你有没有觉得当事情出错时你应该承担责任，即使你的负面情绪可能是由于你过度责备而导致的？如果是这样，我想知道这是怎么回事。,我很抱歉你现在正在经历这种消极情绪。如果我问，请说实话，你是否会说在向你提出这些观点时，你总是充分考虑其他人的观点？,感谢你迄今为止分享的一切。如果我问你，你是否觉得自己正在经历特别困难的情况，无论是与家人、朋友还是亲人？,是不是有什么特定的事情让你有这样的感觉，我想知道。你能告诉我具体原因，以便我能更清楚地了解你的情绪。,我想知道更多关于这件事发生的具体时刻。请问这事是最近或很久以前发生的？,我想知道，最近尝试练习6是否会引发任何不好的感觉？如果发生这种情况，我希望你不会因为那次练习而受太多苦。,我想知道，最近尝试练习11是否会引发任何不好的感觉？如果发生这种情况，我希望你不会因为那次练习而受太多苦。,感谢你选择与我分享你的感受。如果你觉得舒服，我可以再问你一些问题，看看我怎样才能最好地支持你吗？,情绪往往难以识别，我认为你做得很好。重要的是我们了解我们的情绪是从哪里形成的，所以我想问你最近是否有过以下感受：,你是否认同你可能正在尝试拯救他人，即使他们是负面情绪的主要原因？如果是这样，也许是因为这个事件而导致你感到一些不愉快的情况。,明白了，谢谢，那我再深入研究一下。在这种令人遗憾的情况下，你是否觉得自己是受害者？,谢谢你。或许，你是否相信你正在对一个人施加不适当的压力来获得你所需要的结果？,你有没有觉得当事情出错时你应该承担责任，即使你的负面情绪可能是由于你过度责备而导致的？如果是这样，我想知道这是怎么回事。,我很抱歉你现在正在经历这种消极情绪。如果我问，请说实话，你是否会说在向你提出这些观点时，你总是充分考虑其他人的观点？,看起来你可能过得很艰难，请知道你可以和我谈谈。你的生活中有什么特别令人痛苦的事情吗？,是不是有什么特定的事情让你有这样的感觉，我想知道。你能告诉我更多关于这件事的具体细节，以便我们进一步了解情况。,我明白，我很遗憾听到这个消息。请问这感觉是最近发生的事情，还是对过去更遥远的事情的记忆？,众所周知，练习6会对某些人产生负面影响，如果你最近尝试过，我想知道它是否会导致你目前的情绪。你是否熟悉练习6，如果熟悉，你是否认为它可能会导致你的焦虑？,谢谢，我想将练习11作为你可能的建议，但我知道有时和在某些情况下它可能会令人不快。你有没有尝试过练习11，它对你来说是不是不愉快？,非常感谢你与我分享。如果你不介意，我会问你几道问题，这样我才能更好地了解发生了什么。,有时我们会感到强烈的情绪，而这些情绪并不属于我们；感受它们是可以的，但值得反思它们。你认为你最近是否可能对某人表达过以下任何负面情绪：,你是否认同你可能正在尝试拯救某人？,明白了，谢谢，那我再深入研究一下。在这种令人遗憾的情况下，你是否觉得自己是受害者？,我想知道你的焦虑是否部分是由于缺乏控制和对它的渴望引起的。你是否感到无法但又想控制所爱的人或工作中的某个人？,你有没有觉得当事情出错时你应该承担责任，即使你的负面情绪可能是由于你过度责备而导致的？如果是这样，我想知道这是怎么回事。,我很抱歉你现在正在经历这种消极情绪。如果我问，请说实话，你是否会说在向你提出这些观点时，你总是充分考虑其他人的观点？,感谢你到目前为止的回答。请问你现在是否觉得自己正在经历个人危机，或者你是否正在与周围的人遇到难以处理的人际关系困难？,很高兴听到你感觉很好。你目前的幸福状态真的会给你一个很好的基础来尝试一道练习，它可以帮助你巩固和建立你生活中的积极因素，帮助你最大限度地发挥幸福的潜力，我们可以试试吗？,谢谢，据你所说的，你是否觉得{}?如果这不对，请纠正我。,对不起，也许我误解了你的感受。我认为如果你能挑选出你认为最能代表你的情况的情感，那可能是最好的：,非常感谢你参与其中。我希望很快能见到你。,以下是我想推荐给你的练习。我认为他们可能有助于增强你的感受的工具，以帮助你更好地理解和处理这些问题。你可以考虑一下。,请仔细阅读练习内容，当你准备开始时，请尝试它。完成后，请按“继续”按钮。,谢谢你。如果你能指出这项活动是否让你觉得比开始前更积极或更糟，那将非常有帮助。,太好了！如果你愿意，我可以建议其他选择。你是否想继续使用不同的方案？,很抱歉听到你感觉更糟。你想继续并执行另一项练习吗？
是不是有什么特定的事情让你有这样的感觉，我想知道。你能告诉我具体原因，以便我能更清楚地了解你的情绪。你是否能够提供更多关于这件事的详细情况？,这个问题可能很难回答。我想知道更多关于这件事发生的时间。你能告诉我这是最近或很久以前发生的事吗，以便我进一步了解你的情况。,我想知道现在是否有什么东西重新点燃了这种感觉。你是否尝试过记住或重温此事件并因此感到悲伤？,我想知道现在是否有什么东西重新点燃了这种感觉。你是否尝试过记住或重温此事件并因此感到悲伤？,谢谢分享，很抱歉你正在经历这个。我只想再问一些问题，以便更好地了解你现在的感受。,请试着坦率地看待你现在的情绪状态。你是否认为你最近可能强烈感受到以下任何情绪：,如果你不介意的话，我想问你是否相信解救他人是你的责任？,是不是你觉得你的负面情绪可能要归咎于其他人，这会导致你的悲伤？,我想知道你的悲伤是否部分是由于缺乏控制和对它的渴望引起的。你是否感到无法但又想控制所爱的人或工作中的某个人？,你有没有觉得当事情出错时，比如说你做错了事，是你应该承担责任？你可能因为任何错误而责备自己？如果是这样，我想知道你的感受。,谢谢你让我知道。你认为你已经考虑了所有的选择，你可以从每个角度来看待你当前的情况吗？,很抱歉听到你感到伤心，我希望你知道我总是在这里提供帮助。你现在是否在与任何亲人相处时遇到困难？,是不是有什么特定的事情让你有这样的感觉。你能告诉我具体原因，以便我更清楚地了解这件事。,你能告诉我更多关于这件事发生的时间吗，以便我能确定一些具体的情况。它是否是最近或很久以前发生的一件事？,我明白这可能很困难。请问你是否尝试过练习6来更好地理解你的情绪，但它太痛苦了？,我明白这可能很困难。请问你是否尝试过练习11来更好地理解你的情绪，但它太痛苦了？,谢谢你，你做得很好，和我分享这个。如果你没问题，我想再问一些问题，以真正了解你正在经历的事情。,我知道当我感到愤怒时，我有时会引出消极的反应；我想知道你是否也遇到过同样的情况。如果我可以问，你会说你对某人有强烈的感受或表达过以下任何情绪吗：,你觉得你需要拯救别人吗？如果是这样，请告诉我。,谢谢你，让我们再回想一下你的这种感觉。你会说你是一个受害者，你会因为你的感受而责怪别人吗？,我明白了，谢谢，我还有一道问题想问。你有没有觉得生活中有些事情或人太难以预测了，并希望你能对它们有更多的控制？,你有没有觉得当事情出错时，比如说你做错了事，是你应该承担责任？你可能因为任何错误而责备自己？如果是这样，我想知道你的感受。,谢谢你让我知道。你认为你已经考虑了所有的选择，你可以从每个角度来看待你当前的情况吗？,请问你目前在生活中是否遇到了特别的困难或困难，可能会导致你过度担心或痛苦？,是不是有什么特定的事情让你有这样的感觉，比如说他人的行为或想法而导致这种情况？你能告诉我具体原因，以便我能够更清楚地了解你的情绪。,这个问题可能很难回答。我想知道更多关于这件事发生的时间。你能告诉我这是最近或很久以前发生的事吗，以便我进一步了解你的情况。,谢谢，我想将练习6作为你的可能建议，但我知道有时和在某些情况下它可能会令人不快。你有没有尝试过练习6，它对你来说是不是不愉快？,我觉得我可以向你建议练习11来处理过去的事件，但我想确保它适合你。你过去是否尝试过练习11并发现它重新点燃了不舒服的情绪？,我真的很感激你对我敞开心扉。如果你不介意的话，我还有一些问题。,如果可能的话，我想知道你最近是否经历过任何消极和难以处理的情绪。你能告诉我，你对你认识的人是否有强烈的感受或表达过以下任何情绪：,请问你是否相信解救他人是你的责任？？如果是这样，我希望你不介意告诉我。,谢谢你，让我们再回想一下你的这种感觉。你会说你是一个受害者，你会因为你的感受而责怪别人吗？,当我们觉得自己的生活很少或没有时，我们可能会渴望控制。你有没有可能在试图控制你生活中的某个人？,你有没有觉得当事情出错时，比如说你做错了事，是你应该承担责任？你可能因为任何错误而责备自己？如果是这样，我想知道你的感受。,谢谢你让我知道。你认为你已经考虑了所有的选择，你可以从每个角度来看待你当前的情况吗？,谢谢你。我想知道你是否因为与朋友或家人的问题而正在经历特别困难的时刻。,太棒了，总是很高兴听到。你想让我给你一项练习，让你感觉更满足吗？,明白了，谢谢分享。据你所说的，你你今天是否感觉{}？,抱歉，那我一定是弄错了。请告诉我，你正在经历以下哪种情绪？,我们已经结束了会议，我要感谢你抽出时间与我一起解决这个问题。再见。,以下的意见是非常有帮助的，我认为你可以试试这个。我觉得它可能会让你感觉更好，请看看你是否喜欢它们。,现在请花一些时间来完成练习。准备好后，请回来，以便我们继续。,谢谢。请问该协定是否符合你的期望吗？并且你此刻的感受是什么？,很高心听到这练习有效。你是否愿意继续使用其他方案来增强你的感受，以便更好地帮助你？,很抱歉让你感觉更糟。你是否准备好尝试不同的练习，哪个可能更适合你？
是不是有什么特定的事情让你有这样的感觉，我想知道。你能告诉我具体原因，以便我能更清楚地了解你的情绪。你是否能够提供更多关于这件事的详细信息，比如发生过的不好的记忆。,我想知道是什么让你有这种感觉。你能告诉我更多关于这件事发生的具体时刻，以便我们进一步了解情况。,尝试练习6来重温创伤性事件会带来消极和无法控制的情绪。你是否尝试执行练习6重新审视该事件并因此感到不舒服？,尝试练习11来重温创伤性事件会带来消极和无法控制的情绪。你是否尝试执行练习11重新审视该事件并因此感到不舒服？,谢谢，感谢你与我分享，我知道这可能很困难。我想再问几道问题，以便更好地了解你的情况。,我知道你正在经历一段艰难的时刻，我相信深入了解这些情绪的本质将帮助我了解最好的方法，以帮助摆脱你的痛苦。你是否曾经对一个人或多个人感到或表达过以下任何情绪：,请问你是否相信解救他人是你的责任？如果是这样，我想知道以便我们进一步了解这个事件的具体情况。,有时别人让我们受苦，但有时可能是我们逃避为自己的行为和选择承担责任。你觉得你因为别人而受苦吗？,当我们觉得自己的生活很少或没有时，我们可能会渴望控制。你有没有可能在试图控制你生活中的某个人？,当事情没有按照你想要的方式发展，我想问你会不会怀有一些不好的感觉？你是不是总觉得这个事件是你的错，也不至于把你弄得那么难过。,再次感谢你今天的耐心等待。我想知道你是否真的相信，你在之前的讨论中一直仔细考虑其他人的观点。,很抱歉听到你感到伤心，我想知道这是否由更大事情而导致的。你最近生活中是否发生了其他重大困难？,你能告诉我是不是有什么特定的事情让你有这样的感觉吗？我想知道，以便我能更清楚地了解你的情绪。,我想问你一些问题，如果你不介意我问这个。你能告诉我更多关于这件事的具体时间，以便我进一步了解是否发生了什么。,练习6可以唤起你可能很久都没有感受到的情绪，所以我想知道这是否是你的正确选择。有没有可能你最近尝试了练习6，这又重新点燃了这些负面情绪？,练习11可以唤起你可能很久都没有感受到的情绪，所以我想知道这是否是你的正确选择。有没有可能你最近尝试了练习11，这又重新点燃了这些负面情绪？,再次感谢你与我分享这个。如果你没问题，我想再问一些问题，以便更清楚地了解正在发生的事情。,我知道你说你今天一直感到愤怒，所以我想知道你是否有其他负面情绪。你有没有感受过一下任何情绪：,你是否认同你可能正在尝试拯救他人？如果是这样，请告诉我以便我们更清楚地了解发生了什么，也许这就是你想要解决的事情。,我想知道你是否感到被周围的人理解或对抗；这对我能够帮助你很重要。你认为你周围的人理解你还是他们实际上是问题的一部分？,我能理解你的愤怒，有时这种情绪会让我们觉得某人没有按照他们应该的方式行事。你有没有可能在试图控制某人，甚至没有意识到吗？,当事情没有按照你想要的方式发展，我想问你会不会怀有一些不好的感觉？你是不是总觉得这个事件是你的错，也不至于把你弄得那么难过。,再次感谢你今天的耐心等待。我想知道你是否真的相信，你在之前的讨论中一直仔细考虑其他人的观点。,谢谢你对我敞开心扉，我真的很感激。请问你是否遇到与亲人或朋友的一些问题，或者你是否处理过任何其他重大的痛苦事件？,是不是有什么特定的事情让你有这样的感觉。你能告诉我具体原因，以便我能更清楚地了解你的情绪。,我想知道是什么让你有这种感觉。你能告诉我更多关于这件事发生的具体时刻，以便我们进一步了解情况。,我觉得我可以向你建议练习6来处理过去的事件，但我想确保它适合你。你过去是否尝试过练习6并发现它重新点燃了不舒服的情绪？,练习11有时会让人们感到不安，所以我想知道你是否遇到过这种情况。练习11是否是你尝试过并因此感到不安的东西？,感谢你信任我并与我分享你的感受。我可以问你一些问题吗？我想更好地了解以帮助你。,我想问你一些我们并不引以为豪的感觉，但是当我们感觉不舒服时，有时对他人的负面情绪会留在我们的脑海中。最近有任何这些情绪困扰着你：,你觉得你需要拯救别人吗？如果是这样，请告诉我，所以我可以提供你一些建议。,我想知道你是否感到被周围的人理解或对抗；这对我能够帮助你很重要。你认为你周围的人理解你还是他们实际上是问题的一部分？,好的，谢谢你，那可能有其他原因导致了你有这种感觉。你有没有想控制你认识的人的言行，但这种愿望让你感到忧虑？,当事情没有按照你想要的方式发展，我想问你会不会怀有一些不好的感觉？你是不是总觉得这个事件是你的错，也不至于把你弄得那么难过。,再次感谢你今天的耐心等待。我想知道你是否真的相信，你在之前的讨论中一直仔细考虑其他人的观点。,感谢你的耐心等待，我真的很感激。你能告诉我，你是否觉得在你生命中的这一刻正在经历个人危机，在工作或家庭中遇到严重的困难？,哦，我很高兴听到这个消息！感觉快乐/满足是我们都想保持的东西，所以我可以推荐一道练习，你可以用来增强和保持这种积极的感觉吗？,感谢你的回答。据你所说的，你是否觉得{}？你能确认一下吗？,对不起，我真的很想了解你的感受。你能帮我从列表中选择最符合你感受的选项吗？,我要真诚地感谢你参与其中。我希望很快能见到你！,你可以从以下选择中找到我想推荐给你的任何练习。我认为这对你有所益处，你现在想试试其中一道吗？,很好！请你现在实行你选择的练习。完成后，按“继续”按钮。,感谢你确认你已完成此方案，我希望这对你来说是一次积极的体验。请问你现在觉得更好还是更糟？,太好了，我很高兴你发现这有帮助，并且你这样做后感觉好一些。是否因为你想尝试其它练习？,哦，那不好。你认为我们可以再试一次吗，也许使用完全不同的练习？
如果你不介意我继续下一道问题，是不是有什么特定的事情让你有这样的感觉，我想知道。你能告诉我具体原因，以便我能更清楚地了解这件事是否发生在你身上。,我想知道是什么让你有这样的感觉。如果你不介意，你能告诉我更多关于这件事发生的时间，以便我们进一步了解情况吗？,有时不好的感觉可能会回来，因为发生了一些事情让它们再次出现。你最近是否尝试过练习6，并且无法将自己与过去所产生的负面情绪疏远？,有时不好的感觉可能会回来，因为发生了一些事情让它们再次出现。你最近是否尝试过练习11，并且无法将自己与过去所产生的负面情绪疏远？,感谢你对我敞开心扉，我理解这可能很困难，我感谢你的诚实。我想再问你几道问题，以便我可以更好地帮助你，如果你没问题的话。,我知道你感到悲伤，现在我想更广泛地询问你的情绪状态。下面的情绪怎么样，你有没有强烈地感受过这些情绪，或者向别人表达过这些情绪：,你觉得你需要拯救别人吗？如果是这样，请告诉我。,我理解你很生气，你很受伤。你认为你周围的人正在造成你正在经历的负面情绪吗？,好的，谢谢你，那我们需要去别的地方看看你为什么会有这种感觉。你有没有可能有控制你认识的人的言行的愿望，但这种愿望让你感到悲伤？,当事情没有按照你想要的方式发展，你能告诉我你会不会又一些不好的感觉？,我很抱歉你现在正在经历这种消极情绪。如果我问，请说实话，你是否会说在向你提出这些观点时，你总是充分考虑其他人的观点？,也许你的压力源于你个人正在经历的一些困难。你在与亲人或朋友相处时遇到任何困难吗？,如果你不介意我继续说下去，是不是有什么特定的事情让你有这种感觉？你能告诉我具体原因，以便我能更清楚地了解这件事。,这个问题可能很难回答，我想知道更多关于这件事发生的具体时刻。你能告诉我是否是最近或很久以前发生的一件事？,感谢你与我分享，我正在努力确定帮助的最佳方式，并知道重新审视创伤有多么困难。我很好奇练习6是否对你来说太痛苦了？,感谢你与我分享，我正在努力确定帮助的最佳方式，并知道重新审视创伤有多么困难。我很好奇练习11是否对你来说太痛苦了？,感谢你与我分享。我可以再问你一些问题，希望我能帮助你处理这种负面情绪吗？,谢谢你对我的信任，我现在想知道你最近在处理什么样的情绪。你能告诉我你是否有过以下任何情绪：,你是否认同你可能正在尝试拯救他人？如果是这样，我想问你一些问题，以便我们更清楚地了解发生了什么。,非常感谢你的回答。我现在想问你，你是否认为自己是这种情况的受害者，而你的痛苦感觉应该归咎于其他人。,我明白了，谢谢你，让我们继续下一道问题，试图找到你感受的根源。也许你觉得你在试图控制某人？,当事情没有按照你想要的方式发展，你能告诉我你会不会又一些不好的感觉？,有时我们很容易被我们自己的观点所迷惑。你通常对别人的观点保持开放态度吗？,请记住这是一个安全的空间，我在这里帮助你感觉更好。如果我问，你是否觉得你现在正在经历个人危机（例如与亲人相处困难或与朋友闹翻）？,是不是有什么特定的事情让你有这样的感觉吗？你能告诉我具体原因，以便我能够更清楚地了解你的情绪。,我想知道是什么让你有这样的感觉。如果你不介意，你能告诉我更多关于这件事发生的时间，以便我们进一步了解情况吗？,练习6有时会让人们感到不安，所以我想知道你是否遇到过这种情况。练习6是否是你尝试过并因此感到不安的东西？,练习11可能对你的情况有所帮助，但它并不适合所有人，因此我想了解它是否适​​合你。你过去是否已经使用过练习11，并发现它因旧事件而重新点燃了无法控制的情绪？,感谢你分享这些感受，我理解这对你来说可能是一个艰难的过程。如果你没问题，我想再问你一些问题，以帮助我更好地了解你的情况。,谢谢你对我的信任，我现在想知道你最近在处理什么样的情绪。你能告诉我你是否有过以下任何情绪：,请问你是否相信将他人从问题中解救出来是你自己的责任？我想知道是不是有什么特定的原因导致了您的心情，如果是这样，请告诉我。,非常感谢你的回答。我现在想问你，你是否认为自己是这种情况的受害者，而你的痛苦感觉应该归咎于其他人。,谢谢你的回复，很有帮助。试着从外面看自己，你是否觉得你在控制或试图控制别人的行为？,当事情没有按照你想要的方式发展，你能告诉我你会不会又一些不好的感觉？,谢谢你，这有助于我更好地了解你。你相信你是一个能够听取别人建议并付诸实践的人吗？,感谢你如此耐心和合作。如果你不介意，我想知道你是否觉得你此刻正在挣扎。,真是太好听了！你想尝试一道符合你心情的练习吗？我希望它可以激励你，让你的一天更加明亮。,明白了，谢谢从你的回答来看，我会说你现在感觉{}，这听起来对吗？,我很抱歉。让我们来看看这个列表，看看什么最能反映你现在的感受。,谢谢，非常感谢你参加本次活动。我期待着在不久的将来见到你。,我想推荐一些我认为可能对你有所帮助的选项。你可以从下面的列表中挑选你最喜欢的一项来查看是否适合你，如果是，那就太好了。,在你完成此练习时，请尝试将注意力集中在你自己和任务上。最后，按“继续”按钮。,谢谢你。如果你能指出这项活动是否让你觉得比开始前更舒服，那将非常有帮助。,太好了，我很高兴你发现这有帮助，并且你的感受对我们来说非常重要。我可以问你现在是否想要继续尝试其他练习？,我很遗憾听到这次会议没有帮助。你想尝试其它练习吗？
是不是有什么特定的事情让你有这样的感觉，我想知道。你能告诉我具体原因，以帮助我进一步确定这个情况。,我想知道更多关于这件事发生的时间。你能告诉我更详细的细节，以便我进一步了解你的心态。,如果你能和我分享以下信息，那对我会有很大帮助。你最近有没有尝试过练习6，如果是这样，它是否让你感到难以管理情绪？,如果你能和我分享以下信息，那对我会有很大帮助。你最近有没有尝试过练习11，如果是这样，它是否让你感到难以管理情绪？,感谢你与我分享这一点，我很感激这对你来说既艰难又令人沮丧。我可以问几道问题来帮助我了解发生了什么吗？,我会给你一个情绪清单。我希望你考虑一下，然后告诉我你是否经历过，或对某个人表达过其中任何感受：,你是否认同你可能正在尝试拯救他人？如果是这样，我想问你一些问题，以便我们更清楚地了解发生了什么。,没关系，谢谢你让我知道。你是否觉得，也许是某人或某事引起了你的负面情绪？,没关系，谢谢你让我知道。难不成你就是想控制别人的人？有时，当我们自己经历痛苦时，我们可能会这样做。,你有没有觉得当事情没按照你的意愿去做，或者不按计划行事时，你会因此而指责自己。,谢谢你让我知道。你认为你已经考虑了所有的选择，你可以从每个角度来看待你当前的情况吗？,你现在一定很困难，所以我想知道有没有什么大事发生。在你的生活中，有没有什么事情感觉比平常更重要？,是否有什么特定的事情让你有这样的感觉，我想知道。你能告诉我具体原因吗，以便我能更清楚地了解你的情绪。,你能告诉我更多关于这件事发生的具体时刻，以便我们进一步了解情况。如果你不介意，请问这事是最近或很久以前发生的？,你是否尝试过练习6并且可能发现这并没有像你希望的那样提供帮助？,你是否尝试过练习11并且可能发现这并没有像你希望的那样提供帮助？,感谢你与我分享，感谢你对我的信任。我想再问你几个关于你的情况的问题，如果你没问题的话。,我们有时可能会经历一些我们可能会羞于承认的困难情绪，但它们是完全正常的，我们识别并处理它们很重要。你能告诉我你是否感受到或表达了以下任何情绪：,你觉得你需要拯救别人吗？如果是这样，请告诉我，所以我可以提供你一些建议。,感谢你分享这个。你能告诉我你是否认为自己是受害者，把你的负面情绪归咎于别人吗？,我很感激你对我敞开心扉。在这一切中，你是否看到自己试图影响或控制他人的行为？,你有没有觉得当事情没按照你的意愿去做，或者不按计划行事时，你会因此而指责自己。,现在，我希望你回想一下你与朋友、家人或同事的对话。你觉得你善于倾听别人的意见，理解所有的观点吗？,感谢你迄今为止分享的一切。如果我问你，你是否觉得自己正在经历特别困难的情况，无论是与家人、朋友还是亲人？,是不是有什么特定的事情让你有这种感觉，我想知道。你能否详细描述一下这个情况，这样我才能有个清晰的了解。,我想知道更多关于这件事发生的时间。你能告诉我更详细的细节，以便我进一步了解你的心态。,练习6可能对你的情况有所帮助，但它并不适合所有人，因此我想了解它是否适​​合你。你是否已经在过去执行了练习6，并发现它由于旧事件而重新点燃了无法控制的情绪？,你最近是否尝试了练习11?这是否会引发你的痛苦情绪？,到目前为止，你一直很棒，你的感受绝对有效，我知道重新审视或解决焦虑或过去的事件可能非常困难。可以问一些问题以了解你的情况吗？,我们有时可能会经历一些我们可能会羞于承认的困难情绪，但它们是完全正常的，我们识别并处理它们很重要。你能告诉我你是否感受到或表达了以下任何情绪：,你是否认同你可能正在尝试拯救某人，即使这样做导致了你的负面情绪？,感谢你分享这个。你能告诉我你是否认为自己是受害者，把你的负面情绪归咎于别人吗？,在回答下一道问题之前，请尝试深入了解你与他人的关系。你觉得你在试图控制某人吗？,你有没有觉得当事情没按照你的意愿去做，或者不按计划行事时，你会因此而指责自己。,我很抱歉你现在正在经历这种消极情绪。如果我问，请说实话，你是否会说在向你提出这些观点时，你总是充分考虑其他人的观点？,我知道这可能很艰难，所以感谢你如此耐心地回答所有问题。你最近是否经历过强烈的情绪压力，或者你是否感到被朋友或亲人误解？,那太棒了！为了保持这种状态，我可以向你展示一个你可以执行的练习吗？,感谢你对我的信任并分享你的感受。据你所说的，我会说你现在感觉{}，这听起来对吗？,我很抱歉。如果可以，请从以下列表中选择，告诉我你的感受：,我很高兴我们能一起度过这段时光，希望对你有帮助。想多聊几句的时候可以回来。,我有一些我认为对你有用的练习。在以下练习中，你现在想尝试其中一道吗？,当你选择了要尝试的练习后，请开始该练习。完成后，你可以按“继续”。,谢谢，我想知道你现在感到如何。你认为该协定有任何积极或消极影响吗?,太棒了，我很高兴它有所帮助。你是否要继续使用其他方案？如果是这样，你可以选择你喜欢的方法来进一步改善这种情感。,我明白了，我很遗憾听到这个消息。你觉得不同的练习可能有帮助吗？
是不是有什么特定的事情让你有这样的感觉，我想知道。你能告诉我具体原因，以便我能更清楚地了解你的情绪状态。,我想知道更多关于这件事发生的具体时刻。你能告诉我更详细地描述一下这事是什么时候发生的吗？,我知道有时回想过去会让人不舒服。你是否尝试过练习6？如果是这样，你是否感到无法处理出现的情绪？,我知道有时回想过去会让人不舒服。你是否尝试过练习11？如果是这样，你是否感到无法处理出现的情绪？,谢谢你和我分享，你做得很好。你介意我再问你一些问题，以便我能更好地了解你的情况吗？,我理解你感到伤心。除了这种感觉，你最近是否也对某人有以下任何情绪：,请问你是否相信将他人从问题中解救出来是你自己的责任？我想知道是不是有什么特定的原因导致了您的心情，如果是这样，请告诉我。,谢谢，那么我们需要在别处寻找导致你负面情绪的原因。是其他人让你有这种感觉，例如你的家人或工作中的某个人吗？,谢谢，你可以直接说“不”或“是”，因为这有助于我更清楚地了解你的感受。在你的生活中，是否有一种关系让你试图对他们进行过多的控制？,你有没有觉得当事情出错时是你应该承担责任，即使出错的因素不来至于你？,再次感谢你今天的耐心等待。我想知道你是否真的相信，你在之前的讨论中一直仔细考虑其他人的观点。,我想知道你的悲哀是否会被隐藏在表面之下的更大的东西触发。你最近在个人生活或职业生活中是否遇到了非凡的困难？,你能否指出这个情况的原因？是不是有什么特定的事情让你有这种感觉，我想知道。你能告诉我更多关于这件事的具体细节，以便我做出正确的判断。,你能告诉我更多关于这件事发生的时间，以便我们进一步了解是什么原因造成这种感觉。,我认为练习6可能会有所帮助，但在我提出建议之前，我想进一步调查一下。如果你最近尝试过练习6，你能告诉我它是否会因为旧的事件而导致无法控制的情绪吗？,我认为练习11可能会有所帮助，但在我提出建议之前，我想进一步调查一下。如果你最近尝试过练习11，你能告诉我它是否会因为旧的事件而导致无法控制的情绪吗？,谢谢你和我分享你的感受。现在，我想问多几道问题以更好地了解你的感受。,我想问你关于你可能感受到的负面情绪；有时感觉到它们是完全正常的，但重要的是我们在它们接管我们的生活之前学会识别它们。回想一下你最近的过去，你是否有时对某人有以下任何情绪：,如果你不介意的话，我想问你是否认自己是别人的救星吗？,我明白。在这种情况下，其他人是否是问题所在，也许是你亲近的人对待你的方式？,在不打扰的情况下，我可以问一下你生活中是否有人觉得你的行为不像你希望的那样？,你有没有觉得当事情出错时是你应该承担责任，即使出错的因素不来至于你？,我理解你的感受并且不想以任何方式冒犯你，但我确实需要询问你如何与其他人及其想法打交道。在之前的讨论中，你是否考虑过其他人关于这个问题和其他主题的观点？,我想知道你生活中的其他事情和人际关系现在进展如何。你目前是否正在经历一段特别艰难的时期，或者正面临重大问题？,是不是有什么特定的事情让你有这种感觉。你能告诉我具体原因，以便我能更清楚地了解你的情绪，谢谢。,我想知道更多关于这件事发生的具体时刻。你能告诉我更详细地描述一下这事是什么时候发生的吗？,谢谢你；我认为练习6可以帮助你处理这个事件，但是有些人报告说这个练习可能会引起激烈的感情。你是否已经尝试过练习6，如果是这样，它是否激起了困难或创伤性的情绪？,谢谢你；我认为练习11可以帮助你处理这个事件，但是有些人报告说这个练习可能会引起激烈的感情。你是否已经尝试过练习11，如果是这样，它是否激起了困难或创伤性的情绪？,很高兴你分享了你的感受。我们可以进一步谈谈以帮助我了解我如何在你的情况下为你提供支持吗？,我想问你关于你可能感受到的负面情绪；有时感觉到它们是完全正常的，但重要的是我们在它们接管我们的生活之前学会识别它们。回想一下你最近的过去，你是否有时对某人有以下任何情绪：,你是否认同你可能正在尝试拯救某人，即使承担这个责任导致你对他人感到如此负面情绪？,我明白。在这种情况下，其他人是否是问题所在，也许是你亲近的人对待你的方式？,当涉及情绪时，总是很难保持客观，但如果可以的话，我希望你尝试一下。你是否觉得你总是更关注别人在生活中所做的事情，而不是你在生活中所做的事情？,你有没有觉得当事情出错时是你应该承担责任，即使出错的因素不来至于你？,谢谢你让我知道。你认为你已经考虑了所有的选择，你可以从每个角度来看待你当前的情况吗？,我想知道你的忧愁是否可以在更广泛的问题上解决。你在生活中是否遇到任何重大问题，例如，你是否与所爱的人闹翻了？,很高兴看到你今天如此积极。我可以推荐一道适合你当前心情的练习吗？,非常感谢你的意见。我只是想确保我理解正确。我想你感觉{}，这听起来对吗？,我很抱歉，我不是故意的。请选择一下最合适你的情绪：,非常感谢你参加本次会议，我非常感谢你的时间和你提供的深思熟虑的意见，希望本次会议对你有所帮助。我期待很快再次见到你，保重。,从我们的对话，我现在比较清楚地了解你的情况。如果你不介意的话，我想推荐几个我认为比较适合你的选项。,感谢你的选择！请尝试此练习。完成后，你可以返回并按“继续”按钮。,感谢你确认你已完成此方案，我希望这对你来说是一次积极的体验。请问你现在觉得更好还是更糟？,我很高兴它有所帮助。如果你愿意，我可以建议其他选择，以便更好地帮助你？,听到这个我真的很抱歉。如果你愿意，我可以建议其它可能有帮助的练习。